request_number,department_id,department_name,request_date,request_date_key,approval_date,approval_date_key,po_date,po_date_key,invoice_date,invoice_date_key,vendor_name,procurement_category,request_amount,approved_amount,request_status,approval_level,finance_reviewer,is_competitive_bid,days_to_approve,days_to_complete,is_approval_delayed,approval_month
REQ-10001,1,Finance & Accounting,2025-05-22,20250522,2025-05-29,20250529,2025-06-01,20250601,,,EduConsult Partners,Software,10344.21,9960.57,Approved,Manager Review,J. Morgan,False,7,,False,2025-05
REQ-10002,1,Finance & Accounting,2024-08-10,20240810,2024-08-14,20240814,2024-08-17,20240817,2024-08-30,20240830.0,OfficeSource,Events,49447.93,48786.65,Closed,Director Review,S. Patel,False,4,20.0,False,2024-08
REQ-10003,1,Finance & Accounting,2025-02-03,20250203,2025-02-12,20250212,2025-02-14,20250214,2025-03-12,20250312.0,Campus Supply Co.,Software,68651.41,66395.35,Closed,Director Review,S. Patel,True,9,37.0,False,2025-02
REQ-10004,1,Finance & Accounting,2025-05-31,20250531,2025-06-05,20250605,2025-06-06,20250606,2025-06-24,20250624.0,EduConsult Partners,Professional Services,48849.85,48745.31,Closed,Director Review,J. Morgan,False,5,24.0,False,2025-06
REQ-10005,1,Finance & Accounting,2025-01-18,20250118,2025-01-21,20250121,2025-01-23,20250123,2025-02-09,20250209.0,EduConsult Partners,Professional Services,72263.65,71348.66,Closed,Director Review,M. Rivera,True,3,22.0,False,2025-01
REQ-10006,1,Finance & Accounting,2025-02-16,20250216,2025-02-25,20250225,2025-02-28,20250228,2025-03-24,20250324.0,OfficeSource,Events,44532.25,43990.12,Closed,Director Review,A. Chen,False,9,36.0,False,2025-02
REQ-10007,1,Finance & Accounting,2025-03-31,20250331,2025-04-06,20250406,2025-04-08,20250408,2025-04-17,20250417.0,EduConsult Partners,Professional Services,16216.86,16134.35,Closed,Manager Review,J. Morgan,False,6,17.0,False,2025-04
REQ-10008,1,Finance & Accounting,2025-04-24,20250424,2025-05-04,20250504,2025-05-05,20250505,2025-05-12,20250512.0,EduConsult Partners,Equipment,74515.33,71925.65,Closed,Director Review,S. Patel,True,10,18.0,False,2025-05
REQ-10009,1,Finance & Accounting,2024-07-31,20240731,2024-08-06,20240806,2024-08-07,20240807,2024-09-01,20240901.0,OfficeSource,Supplies,66538.36,64303.94,Closed,Director Review,J. Morgan,True,6,32.0,False,2024-08
REQ-10010,1,Finance & Accounting,2024-09-23,20240923,2024-10-04,20241004,2024-10-07,20241007,2024-10-20,20241020.0,OfficeSource,Software,19254.24,18624.11,Closed,Manager Review,A. Chen,False,11,27.0,True,2024-10
REQ-10011,1,Finance & Accounting,2024-11-20,20241120,2024-11-26,20241126,2024-11-29,20241129,2024-12-16,20241216.0,Professional Services Group,Maintenance,66806.34,66489.74,Closed,Director Review,M. Rivera,True,6,26.0,False,2024-11
REQ-10012,1,Finance & Accounting,2025-01-07,20250107,2025-01-13,20250113,2025-01-15,20250115,2025-01-23,20250123.0,Professional Services Group,Maintenance,14000.68,13518.45,Closed,Manager Review,S. Patel,False,6,16.0,False,2025-01
REQ-10013,1,Finance & Accounting,2025-03-22,20250322,2025-03-28,20250328,2025-03-30,20250330,2025-04-29,20250429.0,Campus Supply Co.,Professional Services,6812.46,6552.94,Closed,Manager Review,M. Rivera,False,6,38.0,False,2025-03
REQ-10014,1,Finance & Accounting,2024-07-26,20240726,2024-08-03,20240803,2024-08-06,20240806,2024-09-06,20240906.0,OfficeSource,Equipment,80576.67,80008.67,Closed,Director Review,J. Morgan,True,8,42.0,False,2024-08
REQ-10015,1,Finance & Accounting,2025-03-06,20250306,2025-03-11,20250311,2025-03-14,20250314,2025-03-26,20250326.0,Professional Services Group,Equipment,1742.24,1738.76,Closed,Manager Review,M. Rivera,False,5,20.0,False,2025-03
REQ-10016,1,Finance & Accounting,2024-07-09,20240709,2024-07-11,20240711,2024-07-13,20240713,2024-07-28,20240728.0,EduConsult Partners,Professional Services,37117.51,35767.08,Closed,Director Review,M. Rivera,False,2,19.0,False,2024-07
REQ-10017,1,Finance & Accounting,2024-08-20,20240820,2024-08-27,20240827,2024-08-29,20240829,2024-09-21,20240921.0,OfficeSource,Events,43827.19,43154.86,Closed,Director Review,A. Chen,False,7,32.0,False,2024-08
REQ-10018,1,Finance & Accounting,2025-03-22,20250322,2025-03-29,20250329,2025-04-01,20250401,2025-04-27,20250427.0,EduConsult Partners,Events,4463.3,4347.14,Closed,Manager Review,A. Chen,False,7,36.0,False,2025-03
REQ-10019,1,Finance & Accounting,2024-12-03,20241203,2024-12-11,20241211,2024-12-14,20241214,2024-12-31,20241231.0,Campus Supply Co.,Supplies,40841.58,39336.84,Closed,Director Review,A. Chen,False,8,28.0,False,2024-12
REQ-10020,1,Finance & Accounting,2024-09-20,20240920,2024-09-26,20240926,2024-09-29,20240929,2024-10-29,20241029.0,EduConsult Partners,Maintenance,50338.81,50089.52,Closed,Director Review,S. Patel,True,6,39.0,False,2024-09
REQ-10021,1,Finance & Accounting,2025-06-01,20250601,2025-06-10,20250610,2025-06-12,20250612,2025-06-26,20250626.0,Professional Services Group,Events,9221.26,8943.72,Closed,Manager Review,M. Rivera,False,9,25.0,False,2025-06
REQ-10022,1,Finance & Accounting,2024-12-18,20241218,2024-12-27,20241227,2024-12-28,20241228,2025-01-25,20250125.0,EduConsult Partners,Events,30141.17,29877.64,Closed,Director Review,M. Rivera,False,9,38.0,False,2024-12
REQ-10023,2,Human Resources,2025-02-17,20250217,2025-02-24,20250224,2025-02-27,20250227,2025-03-15,20250315.0,Professional Services Group,Professional Services,42627.61,42500.0,Closed,Director Review,S. Patel,False,7,26.0,False,2025-02
REQ-10024,2,Human Resources,2025-04-27,20250427,2025-05-06,20250506,2025-05-09,20250509,2025-06-03,20250603.0,Campus Supply Co.,Professional Services,65936.55,64712.03,Closed,Director Review,A. Chen,True,9,37.0,False,2025-05
REQ-10025,2,Human Resources,2025-05-04,20250504,2025-05-08,20250508,2025-05-11,20250511,2025-05-27,20250527.0,EduConsult Partners,Maintenance,75900.07,74441.51,Closed,Director Review,A. Chen,True,4,23.0,False,2025-05
REQ-10026,2,Human Resources,2024-12-20,20241220,2024-12-22,20241222,2024-12-24,20241224,2025-01-03,20250103.0,Campus Supply Co.,Supplies,77197.97,76584.58,Closed,Director Review,S. Patel,True,2,14.0,False,2024-12
REQ-10027,2,Human Resources,2024-11-10,20241110,2024-11-16,20241116,2024-11-17,20241117,2024-12-04,20241204.0,EduConsult Partners,Events,53417.52,52934.01,Closed,Director Review,A. Chen,True,6,24.0,False,2024-11
REQ-10028,2,Human Resources,2024-11-29,20241129,2024-12-03,20241203,2024-12-06,20241206,2024-12-23,20241223.0,OfficeSource,Maintenance,55278.24,54510.86,Closed,Director Review,S. Patel,True,4,24.0,False,2024-12
REQ-10029,2,Human Resources,2024-10-09,20241009,2024-10-16,20241016,2024-10-19,20241019,2024-11-10,20241110.0,OfficeSource,Events,26477.6,25547.35,Closed,Director Review,J. Morgan,False,7,32.0,False,2024-10
REQ-10030,2,Human Resources,2024-11-22,20241122,2024-11-24,20241124,2024-11-26,20241126,2024-12-23,20241223.0,EduConsult Partners,Equipment,30716.48,30618.98,Closed,Director Review,A. Chen,False,2,31.0,False,2024-11
REQ-10031,2,Human Resources,2024-09-13,20240913,2024-09-18,20240918,2024-09-20,20240920,2024-10-11,20241011.0,Professional Services Group,Maintenance,28940.28,28642.3,Closed,Director Review,S. Patel,False,5,28.0,False,2024-09
REQ-10032,2,Human Resources,2025-02-19,20250219,2025-02-23,20250223,2025-02-24,20250224,2025-03-19,20250319.0,OfficeSource,Professional Services,36142.62,34978.78,Closed,Director Review,J. Morgan,False,4,28.0,False,2025-02
REQ-10033,2,Human Resources,2024-07-29,20240729,2024-08-03,20240803,2024-08-05,20240805,2024-08-14,20240814.0,Campus Supply Co.,Supplies,78682.74,76222.94,Closed,Director Review,A. Chen,True,5,16.0,False,2024-08
REQ-10034,2,Human Resources,2025-03-19,20250319,2025-03-26,20250326,2025-03-27,20250327,2025-04-06,20250406.0,OfficeSource,Professional Services,13452.44,13330.62,Closed,Manager Review,M. Rivera,False,7,18.0,False,2025-03
REQ-10035,2,Human Resources,2025-04-02,20250402,2025-04-10,20250410,2025-04-12,20250412,2025-04-26,20250426.0,OfficeSource,Equipment,76516.97,76198.41,Closed,Director Review,S. Patel,True,8,24.0,False,2025-04
REQ-10036,2,Human Resources,2024-07-22,20240722,2024-07-30,20240730,2024-07-31,20240731,2024-08-16,20240816.0,Campus Supply Co.,Supplies,82662.57,79818.76,Closed,Director Review,A. Chen,True,8,25.0,False,2024-07
REQ-10037,2,Human Resources,2025-05-17,20250517,2025-05-23,20250523,2025-05-26,20250526,2025-06-11,20250611.0,OfficeSource,Supplies,73190.56,71602.88,Closed,Director Review,M. Rivera,True,6,25.0,False,2025-05
REQ-10038,2,Human Resources,2025-03-22,20250322,2025-03-25,20250325,2025-03-26,20250326,2025-04-19,20250419.0,Campus Supply Co.,Equipment,17500.48,16939.35,Closed,Manager Review,M. Rivera,False,3,28.0,False,2025-03
REQ-10039,2,Human Resources,2024-07-03,20240703,2024-07-10,20240710,2024-07-13,20240713,2024-07-25,20240725.0,OfficeSource,Events,25925.53,25778.16,Closed,Director Review,S. Patel,False,7,22.0,False,2024-07
REQ-10040,2,Human Resources,2024-10-19,20241019,2024-10-28,20241028,2024-10-30,20241030,2024-11-12,20241112.0,Campus Supply Co.,Software,15141.0,14875.76,Closed,Manager Review,M. Rivera,False,9,24.0,False,2024-10
REQ-10041,2,Human Resources,2024-09-17,20240917,2024-09-22,20240922,2024-09-23,20240923,2024-10-21,20241021.0,OfficeSource,Supplies,6979.15,6957.75,Closed,Manager Review,A. Chen,False,5,34.0,False,2024-09
REQ-10042,2,Human Resources,2025-06-02,20250602,2025-06-07,20250607,2025-06-09,20250609,,,Professional Services Group,Software,51439.98,49792.71,Approved,Director Review,A. Chen,True,5,,False,2025-06
REQ-10043,2,Human Resources,2025-02-01,20250201,2025-02-11,20250211,2025-02-13,20250213,2025-02-28,20250228.0,EduConsult Partners,Supplies,18673.28,18481.0,Closed,Manager Review,J. Morgan,False,10,27.0,False,2025-02
REQ-10044,2,Human Resources,2025-02-27,20250227,2025-03-05,20250305,2025-03-08,20250308,2025-03-23,20250323.0,Professional Services Group,Equipment,77398.01,75638.71,Closed,Director Review,S. Patel,True,6,24.0,False,2025-03
REQ-10045,3,Facilities Management,2024-10-01,20241001,2024-10-12,20241012,2024-10-14,20241014,2024-10-22,20241022.0,Metro Mechanical,Professional Services,68010.09,67378.66,Closed,Director Review,S. Patel,True,11,21.0,True,2024-10
REQ-10046,3,Facilities Management,2024-09-21,20240921,2024-09-24,20240924,2024-09-26,20240926,2024-10-28,20241028.0,Facilities Parts Co.,Events,42092.27,41721.34,Closed,Director Review,A. Chen,False,3,37.0,False,2024-09
REQ-10047,3,Facilities Management,2025-04-15,20250415,2025-04-26,20250426,2025-04-28,20250428,2025-06-01,20250601.0,Capital Electric,Professional Services,10094.8,9916.86,Closed,Manager Review,M. Rivera,False,11,47.0,True,2025-04
REQ-10048,3,Facilities Management,2024-11-11,20241111,2024-11-20,20241120,2024-11-22,20241122,2024-11-30,20241130.0,Metro Mechanical,Supplies,66539.03,65629.48,Closed,Director Review,M. Rivera,True,9,19.0,False,2024-11
REQ-10049,3,Facilities Management,2024-09-19,20240919,2024-09-24,20240924,2024-09-25,20240925,2024-10-02,20241002.0,Metro Mechanical,Supplies,46907.93,46588.22,Closed,Director Review,J. Morgan,False,5,13.0,False,2024-09
REQ-10050,3,Facilities Management,2025-05-16,20250516,2025-05-22,20250522,2025-05-24,20250524,2025-06-09,20250609.0,Facilities Parts Co.,Equipment,74514.7,72494.85,Closed,Director Review,J. Morgan,True,6,24.0,False,2025-05
REQ-10051,3,Facilities Management,2024-11-30,20241130,2024-12-06,20241206,2024-12-09,20241209,2024-12-28,20241228.0,Facilities Parts Co.,Professional Services,68240.87,65539.76,Closed,Director Review,A. Chen,True,6,28.0,False,2024-12
REQ-10052,3,Facilities Management,2025-01-17,20250117,2025-01-25,20250125,2025-01-26,20250126,2025-02-10,20250210.0,GreenWorks Services,Professional Services,84287.44,82298.87,Closed,Director Review,A. Chen,True,8,24.0,False,2025-01
REQ-10053,3,Facilities Management,2024-12-07,20241207,2024-12-10,20241210,2024-12-12,20241212,2025-01-05,20250105.0,Capital Electric,Maintenance,69434.65,68281.6,Closed,Director Review,M. Rivera,True,3,29.0,False,2024-12
REQ-10054,3,Facilities Management,2025-03-08,20250308,2025-03-11,20250311,2025-03-14,20250314,2025-04-04,20250404.0,Capital Electric,Professional Services,58884.15,57079.1,Closed,Director Review,M. Rivera,True,3,27.0,False,2025-03
REQ-10055,3,Facilities Management,2024-07-15,20240715,2024-07-21,20240721,2024-07-23,20240723,2024-08-21,20240821.0,GreenWorks Services,Supplies,80247.28,77932.81,Closed,Director Review,M. Rivera,True,6,37.0,False,2024-07
REQ-10056,3,Facilities Management,2025-03-10,20250310,2025-03-19,20250319,2025-03-21,20250321,2025-04-03,20250403.0,Capital Electric,Equipment,3408.87,3369.54,Closed,Manager Review,S. Patel,False,9,24.0,False,2025-03
REQ-10057,3,Facilities Management,2024-12-29,20241229,2025-01-06,20250106,2025-01-07,20250107,2025-01-24,20250124.0,Facilities Parts Co.,Events,75611.0,74966.71,Closed,Director Review,S. Patel,True,8,26.0,False,2025-01
REQ-10058,3,Facilities Management,2024-10-16,20241016,2024-10-22,20241022,2024-10-23,20241023,2024-11-20,20241120.0,Facilities Parts Co.,Software,37360.91,36214.89,Closed,Director Review,J. Morgan,False,6,35.0,False,2024-10
REQ-10059,3,Facilities Management,2025-04-01,20250401,2025-04-06,20250406,2025-04-09,20250409,2025-04-23,20250423.0,Capital Electric,Software,34711.56,33342.61,Closed,Director Review,M. Rivera,False,5,22.0,False,2025-04
REQ-10060,3,Facilities Management,2024-08-28,20240828,2024-09-05,20240905,2024-09-08,20240908,2024-09-19,20240919.0,Capital Electric,Equipment,37005.4,36265.62,Closed,Director Review,S. Patel,False,8,22.0,False,2024-09
REQ-10061,3,Facilities Management,2024-09-27,20240927,2024-10-04,20241004,2024-10-06,20241006,2024-10-26,20241026.0,GreenWorks Services,Professional Services,36445.47,36292.34,Closed,Director Review,A. Chen,False,7,29.0,False,2024-10
REQ-10062,3,Facilities Management,2024-07-10,20240710,2024-07-16,20240716,2024-07-17,20240717,2024-08-02,20240802.0,Metro Mechanical,Events,28620.14,27603.59,Closed,Director Review,J. Morgan,False,6,23.0,False,2024-07
REQ-10063,3,Facilities Management,2025-02-28,20250228,2025-03-08,20250308,2025-03-09,20250309,2025-03-31,20250331.0,Facilities Parts Co.,Equipment,11631.01,11475.3,Closed,Manager Review,S. Patel,False,8,31.0,False,2025-03
REQ-10064,3,Facilities Management,2024-08-07,20240807,2024-08-16,20240816,2024-08-18,20240818,2024-09-19,20240919.0,GreenWorks Services,Professional Services,27008.38,26880.97,Closed,Director Review,A. Chen,False,9,43.0,False,2024-08
REQ-10065,3,Facilities Management,2025-05-29,20250529,2025-06-03,20250603,2025-06-05,20250605,2025-06-14,20250614.0,Metro Mechanical,Professional Services,23218.64,22527.47,Closed,Manager Review,A. Chen,False,5,16.0,False,2025-06
REQ-10066,3,Facilities Management,2024-12-07,20241207,2024-12-13,20241213,2024-12-16,20241216,2025-01-04,20250104.0,Metro Mechanical,Professional Services,77111.81,76515.66,Closed,Director Review,M. Rivera,True,6,28.0,False,2024-12
REQ-10067,4,Information Technology,2024-09-23,20240923,2024-10-06,20241006,2024-10-09,20241009,2024-10-21,20241021.0,Campus Network Supply,Equipment,43669.66,43184.23,Closed,Director Review,M. Rivera,False,13,28.0,True,2024-10
REQ-10068,4,Information Technology,2024-08-08,20240808,2024-08-25,20240825,2024-08-28,20240828,2024-09-09,20240909.0,SecureEd Platforms,Professional Services,157351.53,155006.94,Closed,Cabinet Review,A. Chen,True,17,32.0,True,2024-08
REQ-10069,4,Information Technology,2025-01-23,20250123,2025-02-05,20250205,2025-02-08,20250208,2025-03-04,20250304.0,SecureEd Platforms,Equipment,104599.62,104287.99,Closed,Cabinet Review,A. Chen,True,13,40.0,True,2025-02
REQ-10070,4,Information Technology,2024-11-08,20241108,2024-11-23,20241123,2024-11-25,20241125,2024-12-07,20241207.0,Cloudbridge Systems,Software,37081.59,36791.67,Closed,Director Review,A. Chen,False,15,29.0,True,2024-11
REQ-10071,4,Information Technology,2025-01-24,20250124,2025-02-13,20250213,2025-02-14,20250214,2025-02-23,20250223.0,Campus Network Supply,Equipment,139969.96,136013.34,Closed,Cabinet Review,J. Morgan,True,20,30.0,True,2025-02
REQ-10072,4,Information Technology,2024-09-28,20240928,2024-10-10,20241010,2024-10-11,20241011,2024-10-27,20241027.0,Northstar Software,Professional Services,30961.51,29833.58,Closed,Director Review,S. Patel,False,12,29.0,True,2024-10
REQ-10073,4,Information Technology,2025-03-17,20250317,2025-04-06,20250406,2025-04-08,20250408,2025-04-21,20250421.0,Northstar Software,Equipment,95609.48,94134.08,Closed,Director Review,A. Chen,True,20,35.0,True,2025-04
REQ-10074,4,Information Technology,2024-11-21,20241121,2024-12-06,20241206,2024-12-07,20241207,2025-01-04,20250104.0,Campus Network Supply,Professional Services,133253.82,129426.71,Closed,Cabinet Review,A. Chen,True,15,44.0,True,2024-12
REQ-10075,4,Information Technology,2024-08-18,20240818,2024-08-29,20240829,2024-09-01,20240901,2024-09-19,20240919.0,Campus Network Supply,Equipment,151480.76,146530.44,Closed,Cabinet Review,M. Rivera,True,11,32.0,True,2024-08
REQ-10076,4,Information Technology,2024-07-12,20240712,2024-07-29,20240729,2024-07-30,20240730,2024-08-13,20240813.0,Campus Network Supply,Professional Services,154790.69,150839.27,Closed,Cabinet Review,J. Morgan,True,17,32.0,True,2024-07
REQ-10077,4,Information Technology,2025-05-25,20250525,2025-06-10,20250610,2025-06-13,20250613,2025-06-27,20250627.0,SecureEd Platforms,Software,19171.83,18603.02,Closed,Manager Review,J. Morgan,False,16,33.0,True,2025-06
REQ-10078,4,Information Technology,2024-11-19,20241119,2024-12-01,20241201,2024-12-03,20241203,2024-12-14,20241214.0,Northstar Software,Software,66775.03,65098.6,Closed,Director Review,A. Chen,True,12,25.0,True,2024-12
REQ-10079,4,Information Technology,2024-11-05,20241105,2024-11-19,20241119,2024-11-21,20241121,2024-12-22,20241222.0,SecureEd Platforms,Equipment,132368.73,131018.45,Closed,Cabinet Review,S. Patel,True,14,47.0,True,2024-11
REQ-10080,4,Information Technology,2025-01-09,20250109,2025-01-25,20250125,2025-01-27,20250127,2025-02-04,20250204.0,Northstar Software,Software,164543.25,162327.58,Closed,Cabinet Review,M. Rivera,True,16,26.0,True,2025-01
REQ-10081,4,Information Technology,2025-05-11,20250511,2025-05-21,20250521,2025-05-22,20250522,2025-06-19,20250619.0,Campus Network Supply,Equipment,126857.51,123717.4,Closed,Cabinet Review,A. Chen,True,10,39.0,False,2025-05
REQ-10082,4,Information Technology,2024-12-08,20241208,2024-12-25,20241225,2024-12-27,20241227,2025-01-06,20250106.0,Northstar Software,Professional Services,105986.52,101841.36,Closed,Cabinet Review,J. Morgan,True,17,29.0,True,2024-12
REQ-10083,4,Information Technology,2025-03-14,20250314,2025-03-23,20250323,2025-03-25,20250325,2025-04-26,20250426.0,Cloudbridge Systems,Equipment,18411.58,17766.06,Closed,Manager Review,S. Patel,False,9,43.0,False,2025-03
REQ-10084,4,Information Technology,2024-12-08,20241208,2024-12-24,20241224,2024-12-25,20241225,2025-01-10,20250110.0,Cloudbridge Systems,Software,22625.12,21812.64,Closed,Manager Review,J. Morgan,False,16,33.0,True,2024-12
REQ-10085,4,Information Technology,2024-07-07,20240707,2024-07-19,20240719,2024-07-21,20240721,2024-08-03,20240803.0,Northstar Software,Equipment,105995.43,102481.85,Closed,Cabinet Review,S. Patel,True,12,27.0,True,2024-07
REQ-10086,4,Information Technology,2025-03-12,20250312,2025-03-24,20250324,2025-03-27,20250327,2025-04-10,20250410.0,SecureEd Platforms,Software,101617.82,100296.24,Closed,Cabinet Review,A. Chen,True,12,29.0,True,2025-03
REQ-10087,4,Information Technology,2025-03-31,20250331,2025-04-14,20250414,2025-04-15,20250415,2025-04-23,20250423.0,Northstar Software,Equipment,156403.03,150388.22,Closed,Cabinet Review,M. Rivera,True,14,23.0,True,2025-04
REQ-10088,4,Information Technology,2024-09-23,20240923,2024-10-06,20241006,2024-10-08,20241008,2024-10-16,20241016.0,SecureEd Platforms,Software,98609.51,98283.76,Closed,Director Review,M. Rivera,True,13,23.0,True,2024-10
REQ-10089,4,Information Technology,2025-05-22,20250522,2025-06-04,20250604,2025-06-07,20250607,,,SecureEd Platforms,Equipment,143861.47,139268.17,Approved,Cabinet Review,S. Patel,True,13,,True,2025-06
REQ-10090,4,Information Technology,2024-12-04,20241204,2024-12-20,20241220,2024-12-23,20241223,2025-01-20,20250120.0,Northstar Software,Equipment,83085.54,82027.69,Closed,Director Review,J. Morgan,True,16,47.0,True,2024-12
REQ-10091,4,Information Technology,2025-04-08,20250408,2025-04-19,20250419,2025-04-21,20250421,2025-05-22,20250522.0,SecureEd Platforms,Professional Services,127960.42,127604.43,Closed,Cabinet Review,M. Rivera,True,11,44.0,True,2025-04
REQ-10092,4,Information Technology,2024-12-14,20241214,2024-12-27,20241227,2024-12-29,20241229,2025-01-15,20250115.0,SecureEd Platforms,Professional Services,47195.65,46444.33,Closed,Director Review,S. Patel,False,13,32.0,True,2024-12
REQ-10093,4,Information Technology,2024-08-25,20240825,2024-09-10,20240910,2024-09-13,20240913,2024-09-25,20240925.0,Cloudbridge Systems,Professional Services,127519.55,126312.6,Closed,Cabinet Review,M. Rivera,True,16,31.0,True,2024-09
REQ-10094,4,Information Technology,2024-12-06,20241206,2024-12-18,20241218,2024-12-20,20241220,2025-01-16,20250116.0,Northstar Software,Professional Services,21039.44,20504.99,Closed,Manager Review,S. Patel,False,12,41.0,True,2024-12
REQ-10095,4,Information Technology,2024-11-27,20241127,2024-12-13,20241213,2024-12-14,20241214,2025-01-14,20250114.0,SecureEd Platforms,Software,77409.58,77058.74,Closed,Director Review,S. Patel,True,16,48.0,True,2024-12
REQ-10096,4,Information Technology,2024-08-12,20240812,2024-08-28,20240828,2024-08-30,20240830,2024-09-10,20240910.0,SecureEd Platforms,Professional Services,153574.03,150600.43,Closed,Cabinet Review,A. Chen,True,16,29.0,True,2024-08
REQ-10097,4,Information Technology,2024-08-18,20240818,2024-08-30,20240830,2024-09-02,20240902,2024-09-09,20240909.0,Northstar Software,Software,111983.97,109954.77,Closed,Cabinet Review,A. Chen,True,12,22.0,True,2024-08
REQ-10098,4,Information Technology,2025-01-14,20250114,2025-01-26,20250126,2025-01-29,20250129,2025-02-05,20250205.0,Cloudbridge Systems,Software,154748.02,151340.21,Closed,Cabinet Review,S. Patel,True,12,22.0,True,2025-01
REQ-10099,4,Information Technology,2024-07-12,20240712,2024-07-30,20240730,2024-07-31,20240731,2024-08-13,20240813.0,Cloudbridge Systems,Equipment,126525.83,121856.32,Closed,Cabinet Review,S. Patel,True,18,32.0,True,2024-07
REQ-10100,4,Information Technology,2025-04-06,20250406,2025-04-24,20250424,2025-04-26,20250426,2025-05-10,20250510.0,Cloudbridge Systems,Equipment,42988.64,42559.44,Closed,Director Review,J. Morgan,False,18,34.0,True,2025-04
REQ-10101,4,Information Technology,2025-02-12,20250212,2025-02-23,20250223,2025-02-26,20250226,2025-03-05,20250305.0,Cloudbridge Systems,Professional Services,144264.95,143938.21,Closed,Cabinet Review,M. Rivera,True,11,21.0,True,2025-02
REQ-10102,4,Information Technology,2025-03-18,20250318,2025-04-01,20250401,2025-04-03,20250403,2025-05-02,20250502.0,Cloudbridge Systems,Professional Services,48024.95,46629.13,Closed,Director Review,J. Morgan,False,14,45.0,True,2025-04
REQ-10103,4,Information Technology,2025-02-07,20250207,2025-02-23,20250223,2025-02-24,20250224,2025-03-22,20250322.0,Campus Network Supply,Professional Services,132680.3,132511.31,Closed,Cabinet Review,A. Chen,True,16,43.0,True,2025-02
REQ-10104,4,Information Technology,2024-07-03,20240703,2024-07-16,20240716,2024-07-18,20240718,2024-08-01,20240801.0,Northstar Software,Professional Services,58977.62,58547.19,Closed,Director Review,S. Patel,True,13,29.0,True,2024-07
REQ-10105,5,College of Liberal Arts,2024-08-19,20240819,2024-08-22,20240822,2024-08-25,20240825,2024-09-22,20240922.0,EduConsult Partners,Events,18882.09,18343.77,Closed,Manager Review,J. Morgan,False,3,34.0,False,2024-08
REQ-10106,5,College of Liberal Arts,2025-02-05,20250205,2025-02-16,20250216,2025-02-17,20250217,2025-03-09,20250309.0,OfficeSource,Maintenance,12863.36,12685.19,Closed,Manager Review,M. Rivera,False,11,32.0,True,2025-02
REQ-10107,5,College of Liberal Arts,2024-08-13,20240813,2024-08-21,20240821,2024-08-23,20240823,2024-09-03,20240903.0,Professional Services Group,Equipment,43579.84,42840.15,Closed,Director Review,J. Morgan,False,8,21.0,False,2024-08
REQ-10108,5,College of Liberal Arts,2024-10-03,20241003,2024-10-10,20241010,2024-10-13,20241013,2024-10-26,20241026.0,EduConsult Partners,Events,78967.62,78437.18,Closed,Director Review,M. Rivera,True,7,23.0,False,2024-10
REQ-10109,5,College of Liberal Arts,2025-03-22,20250322,2025-03-24,20250324,2025-03-27,20250327,2025-04-20,20250420.0,Professional Services Group,Maintenance,77083.8,75123.2,Closed,Director Review,A. Chen,True,2,29.0,False,2025-03
REQ-10110,5,College of Liberal Arts,2025-03-31,20250331,2025-04-05,20250405,2025-04-08,20250408,2025-04-16,20250416.0,Professional Services Group,Professional Services,56962.47,55092.07,Closed,Director Review,M. Rivera,True,5,16.0,False,2025-04
REQ-10111,5,College of Liberal Arts,2024-08-29,20240829,2024-09-02,20240902,2024-09-05,20240905,2024-09-13,20240913.0,OfficeSource,Maintenance,22786.06,22320.83,Closed,Manager Review,M. Rivera,False,4,15.0,False,2024-09
REQ-10112,5,College of Liberal Arts,2025-01-26,20250126,2025-02-02,20250202,2025-02-05,20250205,2025-03-02,20250302.0,Campus Supply Co.,Events,52822.55,51620.78,Closed,Director Review,A. Chen,True,7,35.0,False,2025-02
REQ-10113,5,College of Liberal Arts,2025-01-20,20250120,2025-01-28,20250128,2025-01-31,20250131,2025-02-23,20250223.0,EduConsult Partners,Supplies,7053.68,7047.94,Closed,Manager Review,M. Rivera,False,8,34.0,False,2025-01
REQ-10114,5,College of Liberal Arts,2025-01-10,20250110,2025-01-19,20250119,2025-01-21,20250121,2025-01-29,20250129.0,Professional Services Group,Equipment,6709.22,6485.98,Closed,Manager Review,J. Morgan,False,9,19.0,False,2025-01
REQ-10115,5,College of Liberal Arts,2024-07-13,20240713,2024-07-20,20240720,2024-07-23,20240723,2024-07-30,20240730.0,OfficeSource,Events,75143.96,72368.0,Closed,Director Review,J. Morgan,True,7,17.0,False,2024-07
REQ-10116,5,College of Liberal Arts,2024-09-24,20240924,2024-09-28,20240928,2024-09-29,20240929,2024-10-18,20241018.0,OfficeSource,Maintenance,72092.83,70104.2,Closed,Director Review,A. Chen,True,4,24.0,False,2024-09
REQ-10117,5,College of Liberal Arts,2025-03-26,20250326,2025-03-30,20250330,2025-04-01,20250401,2025-04-23,20250423.0,EduConsult Partners,Professional Services,82273.55,81088.78,Closed,Director Review,S. Patel,True,4,28.0,False,2025-03
REQ-10118,5,College of Liberal Arts,2025-05-18,20250518,2025-05-24,20250524,2025-05-25,20250525,2025-06-08,20250608.0,Professional Services Group,Supplies,82809.05,82379.74,Closed,Director Review,S. Patel,True,6,21.0,False,2025-05
REQ-10119,5,College of Liberal Arts,2024-07-25,20240725,2024-08-02,20240802,2024-08-04,20240804,2024-08-19,20240819.0,OfficeSource,Professional Services,12536.26,12164.65,Closed,Manager Review,J. Morgan,False,8,25.0,False,2024-08
REQ-10120,5,College of Liberal Arts,2024-08-31,20240831,2024-09-08,20240908,2024-09-09,20240909,2024-10-12,20241012.0,OfficeSource,Software,41214.94,40701.08,Closed,Director Review,J. Morgan,False,8,42.0,False,2024-09
REQ-10121,5,College of Liberal Arts,2024-09-21,20240921,2024-09-29,20240929,2024-09-30,20240930,2024-10-24,20241024.0,Campus Supply Co.,Equipment,35202.46,34099.6,Closed,Director Review,A. Chen,False,8,33.0,False,2024-09
REQ-10122,5,College of Liberal Arts,2025-05-14,20250514,2025-05-20,20250520,2025-05-23,20250523,2025-06-16,20250616.0,Campus Supply Co.,Events,51960.73,51737.32,Closed,Director Review,J. Morgan,True,6,33.0,False,2025-05
REQ-10123,5,College of Liberal Arts,2024-08-23,20240823,2024-08-31,20240831,2024-09-02,20240902,2024-09-23,20240923.0,EduConsult Partners,Software,56699.19,55970.44,Closed,Director Review,S. Patel,True,8,31.0,False,2024-08
REQ-10124,5,College of Liberal Arts,2025-05-11,20250511,2025-05-18,20250518,2025-05-20,20250520,2025-06-04,20250604.0,EduConsult Partners,Events,50950.99,49206.88,Closed,Director Review,J. Morgan,True,7,24.0,False,2025-05
REQ-10125,5,College of Liberal Arts,2024-11-20,20241120,2024-11-28,20241128,2024-12-01,20241201,2024-12-24,20241224.0,EduConsult Partners,Supplies,74922.1,72799.33,Closed,Director Review,J. Morgan,True,8,34.0,False,2024-11
REQ-10126,5,College of Liberal Arts,2024-09-24,20240924,2024-10-04,20241004,2024-10-07,20241007,2024-11-03,20241103.0,Professional Services Group,Software,59696.76,58090.25,Closed,Director Review,A. Chen,True,10,40.0,False,2024-10
REQ-10127,6,College of Engineering,2024-07-01,20240701,2024-07-08,20240708,2024-07-11,20240711,2024-08-08,20240808.0,LabSource Scientific,Maintenance,40262.56,38924.57,Closed,Director Review,S. Patel,False,7,38.0,False,2024-07
REQ-10128,6,College of Engineering,2024-09-02,20240902,2024-09-06,20240906,2024-09-08,20240908,2024-09-30,20240930.0,Research Supply Group,Maintenance,62062.76,61719.68,Closed,Director Review,S. Patel,True,4,28.0,False,2024-09
REQ-10129,6,College of Engineering,2024-12-04,20241204,2024-12-10,20241210,2024-12-12,20241212,2025-01-13,20250113.0,Precision Instruments,Professional Services,16697.18,16053.21,Closed,Manager Review,M. Rivera,False,6,40.0,False,2024-12
REQ-10130,6,College of Engineering,2025-03-07,20250307,2025-03-12,20250312,2025-03-13,20250313,2025-04-12,20250412.0,Precision Instruments,Maintenance,75473.58,74355.71,Closed,Director Review,M. Rivera,True,5,36.0,False,2025-03
REQ-10131,6,College of Engineering,2025-06-09,20250609,2025-06-12,20250612,2025-06-15,20250615,,,Research Supply Group,Maintenance,47397.38,45687.7,Approved,Director Review,A. Chen,False,3,,False,2025-06
REQ-10132,6,College of Engineering,2024-11-26,20241126,2024-12-02,20241202,2024-12-05,20241205,2024-12-31,20241231.0,LabSource Scientific,Supplies,19426.43,19081.28,Closed,Manager Review,S. Patel,False,6,35.0,False,2024-12
REQ-10133,6,College of Engineering,2024-10-17,20241017,2024-10-24,20241024,2024-10-27,20241027,2024-11-08,20241108.0,Academic Robotics LLC,Events,14956.3,14480.11,Closed,Manager Review,J. Morgan,False,7,22.0,False,2024-10
REQ-10134,6,College of Engineering,2024-11-28,20241128,2024-12-02,20241202,2024-12-04,20241204,2024-12-16,20241216.0,Academic Robotics LLC,Equipment,26436.14,25912.34,Closed,Director Review,S. Patel,False,4,18.0,False,2024-12
REQ-10135,6,College of Engineering,2025-03-13,20250313,2025-03-16,20250316,2025-03-18,20250318,2025-04-10,20250410.0,Research Supply Group,Supplies,79371.26,78004.43,Closed,Director Review,S. Patel,True,3,28.0,False,2025-03
REQ-10136,6,College of Engineering,2024-07-25,20240725,2024-07-29,20240729,2024-08-01,20240801,2024-08-24,20240824.0,Precision Instruments,Maintenance,52092.14,50422.85,Closed,Director Review,M. Rivera,True,4,30.0,False,2024-07
REQ-10137,6,College of Engineering,2024-11-10,20241110,2024-11-20,20241120,2024-11-23,20241123,2024-12-15,20241215.0,Precision Instruments,Maintenance,41726.61,40900.85,Closed,Director Review,M. Rivera,False,10,35.0,False,2024-11
REQ-10138,6,College of Engineering,2025-01-28,20250128,2025-02-04,20250204,2025-02-05,20250205,2025-03-06,20250306.0,LabSource Scientific,Maintenance,29158.1,28142.33,Closed,Director Review,A. Chen,False,7,37.0,False,2025-02
REQ-10139,6,College of Engineering,2025-04-12,20250412,2025-04-18,20250418,2025-04-20,20250420,2025-05-16,20250516.0,LabSource Scientific,Software,44985.84,44244.02,Closed,Director Review,M. Rivera,False,6,34.0,False,2025-04
REQ-10140,6,College of Engineering,2025-03-03,20250303,2025-03-08,20250308,2025-03-11,20250311,2025-04-12,20250412.0,Academic Robotics LLC,Equipment,22120.59,21876.88,Closed,Manager Review,S. Patel,False,5,40.0,False,2025-03
REQ-10141,6,College of Engineering,2024-12-31,20241231,2025-01-07,20250107,2025-01-10,20250110,2025-02-03,20250203.0,Research Supply Group,Maintenance,55170.29,54577.7,Closed,Director Review,S. Patel,True,7,34.0,False,2025-01
REQ-10142,6,College of Engineering,2024-12-23,20241223,2025-01-03,20250103,2025-01-05,20250105,2025-01-16,20250116.0,Academic Robotics LLC,Software,13523.77,13520.32,Closed,Manager Review,S. Patel,False,11,24.0,True,2025-01
REQ-10143,6,College of Engineering,2025-01-09,20250109,2025-01-19,20250119,2025-01-21,20250121,2025-02-15,20250215.0,Academic Robotics LLC,Maintenance,21856.93,21457.36,Closed,Manager Review,M. Rivera,False,10,37.0,False,2025-01
REQ-10144,6,College of Engineering,2025-01-22,20250122,2025-01-29,20250129,2025-01-31,20250131,2025-02-15,20250215.0,Research Supply Group,Supplies,54909.6,53270.64,Closed,Director Review,A. Chen,True,7,24.0,False,2025-01
REQ-10145,6,College of Engineering,2025-05-19,20250519,2025-05-28,20250528,2025-05-31,20250531,2025-06-29,20250629.0,Research Supply Group,Software,67389.92,66395.6,Closed,Director Review,S. Patel,True,9,41.0,False,2025-05
REQ-10146,6,College of Engineering,2025-01-01,20250101,2025-01-12,20250112,2025-01-13,20250113,2025-01-29,20250129.0,Research Supply Group,Events,4700.45,4553.89,Closed,Manager Review,A. Chen,False,11,28.0,True,2025-01
REQ-10147,6,College of Engineering,2025-05-03,20250503,2025-05-10,20250510,2025-05-11,20250511,2025-05-31,20250531.0,Research Supply Group,Supplies,30904.63,30357.76,Closed,Director Review,A. Chen,False,7,28.0,False,2025-05
REQ-10148,6,College of Engineering,2025-05-06,20250506,2025-05-17,20250517,2025-05-20,20250520,2025-05-27,20250527.0,Academic Robotics LLC,Supplies,45701.96,44060.39,Closed,Director Review,A. Chen,False,11,21.0,True,2025-05
REQ-10149,7,Student Affairs,2024-10-05,20241005,2024-10-11,20241011,2024-10-12,20241012,2024-10-28,20241028.0,Student Engagement LLC,Equipment,84630.82,84326.66,Closed,Director Review,J. Morgan,True,6,23.0,False,2024-10
REQ-10150,7,Student Affairs,2024-11-16,20241116,2024-11-25,20241125,2024-11-28,20241128,2024-12-22,20241222.0,Campus Events Co.,Supplies,83617.07,81250.33,Closed,Director Review,S. Patel,True,9,36.0,False,2024-11
REQ-10151,7,Student Affairs,2025-05-14,20250514,2025-05-22,20250522,2025-05-25,20250525,2025-06-04,20250604.0,Student Engagement LLC,Equipment,44433.83,42960.68,Closed,Director Review,J. Morgan,False,8,21.0,False,2025-05
REQ-10152,7,Student Affairs,2024-10-26,20241026,2024-11-01,20241101,2024-11-02,20241102,2024-11-25,20241125.0,Campus Events Co.,Supplies,53934.57,52431.45,Closed,Director Review,A. Chen,True,6,30.0,False,2024-11
REQ-10153,7,Student Affairs,2025-05-07,20250507,2025-05-11,20250511,2025-05-13,20250513,2025-06-02,20250602.0,Athletic Supply House,Equipment,19540.19,19322.89,Closed,Manager Review,J. Morgan,False,4,26.0,False,2025-05
REQ-10154,7,Student Affairs,2024-10-18,20241018,2024-10-25,20241025,2024-10-27,20241027,2024-11-03,20241103.0,Student Engagement LLC,Software,63284.71,61428.43,Closed,Director Review,A. Chen,True,7,16.0,False,2024-10
REQ-10155,7,Student Affairs,2025-03-14,20250314,2025-03-18,20250318,2025-03-20,20250320,2025-04-11,20250411.0,Student Engagement LLC,Maintenance,65567.74,63522.6,Closed,Director Review,J. Morgan,True,4,28.0,False,2025-03
REQ-10156,7,Student Affairs,2024-12-21,20241221,2024-12-23,20241223,2024-12-25,20241225,2025-01-09,20250109.0,Campus Events Co.,Events,63249.59,62419.71,Closed,Director Review,M. Rivera,True,2,19.0,False,2024-12
REQ-10157,7,Student Affairs,2024-09-28,20240928,2024-10-05,20241005,2024-10-08,20241008,2024-11-06,20241106.0,Student Engagement LLC,Software,58656.37,57938.28,Closed,Director Review,J. Morgan,True,7,39.0,False,2024-10
REQ-10158,7,Student Affairs,2025-04-10,20250410,2025-04-19,20250419,2025-04-20,20250420,2025-05-07,20250507.0,Campus Events Co.,Software,68379.94,66759.26,Closed,Director Review,S. Patel,True,9,27.0,False,2025-04
REQ-10159,7,Student Affairs,2024-11-07,20241107,2024-11-13,20241113,2024-11-16,20241116,2024-11-29,20241129.0,Student Engagement LLC,Professional Services,18644.85,18170.3,Closed,Manager Review,S. Patel,False,6,22.0,False,2024-11
REQ-10160,7,Student Affairs,2025-04-23,20250423,2025-04-29,20250429,2025-04-30,20250430,2025-05-31,20250531.0,Wellness Partners,Events,80531.16,78626.68,Closed,Director Review,A. Chen,True,6,38.0,False,2025-04
REQ-10161,7,Student Affairs,2025-05-17,20250517,2025-05-26,20250526,2025-05-29,20250529,,,Wellness Partners,Events,55489.2,55297.72,Approved,Director Review,M. Rivera,True,9,,False,2025-05
REQ-10162,7,Student Affairs,2025-05-24,20250524,2025-06-01,20250601,2025-06-03,20250603,2025-06-12,20250612.0,Campus Events Co.,Maintenance,49951.73,48015.68,Closed,Director Review,M. Rivera,False,8,19.0,False,2025-06
REQ-10163,7,Student Affairs,2024-12-16,20241216,2024-12-23,20241223,2024-12-26,20241226,2025-01-11,20250111.0,Wellness Partners,Software,61933.72,61055.75,Closed,Director Review,A. Chen,True,7,26.0,False,2024-12
REQ-10164,7,Student Affairs,2025-03-07,20250307,2025-03-14,20250314,2025-03-17,20250317,2025-04-16,20250416.0,Wellness Partners,Software,80240.32,78456.53,Closed,Director Review,A. Chen,True,7,40.0,False,2025-03
REQ-10165,7,Student Affairs,2024-12-07,20241207,2024-12-12,20241212,2024-12-13,20241213,2025-01-07,20250107.0,Athletic Supply House,Supplies,31937.47,31691.12,Closed,Director Review,J. Morgan,False,5,31.0,False,2024-12
REQ-10166,7,Student Affairs,2024-11-13,20241113,2024-11-22,20241122,2024-11-24,20241124,2024-12-26,20241226.0,Student Engagement LLC,Supplies,82308.65,81266.35,Closed,Director Review,S. Patel,True,9,43.0,False,2024-11
REQ-10167,7,Student Affairs,2024-08-25,20240825,2024-09-03,20240903,2024-09-05,20240905,2024-09-23,20240923.0,Student Engagement LLC,Events,63941.76,61697.67,Closed,Director Review,S. Patel,True,9,29.0,False,2024-09
REQ-10168,7,Student Affairs,2024-08-05,20240805,2024-08-13,20240813,2024-08-14,20240814,2024-09-05,20240905.0,Student Engagement LLC,Supplies,27751.19,27080.35,Closed,Director Review,M. Rivera,False,8,31.0,False,2024-08
REQ-10169,7,Student Affairs,2024-12-19,20241219,2024-12-25,20241225,2024-12-26,20241226,2025-01-11,20250111.0,Athletic Supply House,Software,81942.13,81527.84,Closed,Director Review,M. Rivera,True,6,23.0,False,2024-12
REQ-10170,7,Student Affairs,2024-07-13,20240713,2024-07-19,20240719,2024-07-21,20240721,2024-08-06,20240806.0,Student Engagement LLC,Equipment,9789.92,9403.14,Closed,Manager Review,J. Morgan,False,6,24.0,False,2024-07
REQ-10171,8,Research Administration,2025-01-31,20250131,2025-02-05,20250205,2025-02-07,20250207,2025-03-04,20250304.0,OfficeSource,Software,37164.73,36215.49,Closed,Director Review,M. Rivera,False,5,32.0,False,2025-02
REQ-10172,8,Research Administration,2024-11-25,20241125,2024-12-01,20241201,2024-12-03,20241203,2024-12-28,20241228.0,OfficeSource,Equipment,82113.42,79210.71,Closed,Director Review,J. Morgan,True,6,33.0,False,2024-12
REQ-10173,8,Research Administration,2025-05-19,20250519,2025-05-28,20250528,2025-05-31,20250531,2025-06-24,20250624.0,OfficeSource,Professional Services,2044.62,2023.34,Closed,Manager Review,A. Chen,False,9,36.0,False,2025-05
REQ-10174,8,Research Administration,2024-07-03,20240703,2024-07-08,20240708,2024-07-10,20240710,2024-07-27,20240727.0,EduConsult Partners,Supplies,49837.54,48471.34,Closed,Director Review,A. Chen,False,5,24.0,False,2024-07
REQ-10175,8,Research Administration,2024-07-08,20240708,2024-07-12,20240712,2024-07-13,20240713,2024-08-10,20240810.0,Professional Services Group,Events,59861.82,57486.46,Closed,Director Review,J. Morgan,True,4,33.0,False,2024-07
REQ-10176,8,Research Administration,2024-10-08,20241008,2024-10-16,20241016,2024-10-19,20241019,2024-11-20,20241120.0,Professional Services Group,Maintenance,74018.72,72576.43,Closed,Director Review,A. Chen,True,8,43.0,False,2024-10
REQ-10177,8,Research Administration,2024-09-01,20240901,2024-09-10,20240910,2024-09-12,20240912,2024-09-27,20240927.0,Professional Services Group,Software,80610.68,78145.85,Closed,Director Review,A. Chen,True,9,26.0,False,2024-09
REQ-10178,8,Research Administration,2024-08-17,20240817,2024-08-24,20240824,2024-08-26,20240826,2024-09-24,20240924.0,Professional Services Group,Supplies,81448.05,79227.2,Closed,Director Review,J. Morgan,True,7,38.0,False,2024-08
REQ-10179,8,Research Administration,2025-02-16,20250216,2025-02-22,20250222,2025-02-24,20250224,2025-03-21,20250321.0,EduConsult Partners,Professional Services,70417.02,69133.08,Closed,Director Review,M. Rivera,True,6,33.0,False,2025-02
REQ-10180,8,Research Administration,2024-11-16,20241116,2024-11-23,20241123,2024-11-26,20241126,2024-12-21,20241221.0,Professional Services Group,Equipment,49854.86,48367.19,Closed,Director Review,S. Patel,False,7,35.0,False,2024-11
REQ-10181,8,Research Administration,2024-08-20,20240820,2024-08-28,20240828,2024-08-30,20240830,2024-09-17,20240917.0,EduConsult Partners,Supplies,76340.65,75931.01,Closed,Director Review,M. Rivera,True,8,28.0,False,2024-08
REQ-10182,8,Research Administration,2025-03-25,20250325,2025-03-30,20250330,2025-04-02,20250402,2025-04-17,20250417.0,EduConsult Partners,Supplies,9557.69,9292.78,Closed,Manager Review,M. Rivera,False,5,23.0,False,2025-03
REQ-10183,8,Research Administration,2024-08-02,20240802,2024-08-07,20240807,2024-08-09,20240809,2024-08-20,20240820.0,Campus Supply Co.,Events,35823.94,35632.88,Closed,Director Review,S. Patel,False,5,18.0,False,2024-08
REQ-10184,8,Research Administration,2025-04-14,20250414,2025-04-20,20250420,2025-04-21,20250421,2025-05-22,20250522.0,Professional Services Group,Professional Services,49153.92,48496.21,Closed,Director Review,M. Rivera,False,6,38.0,False,2025-04
REQ-10185,8,Research Administration,2025-02-05,20250205,2025-02-10,20250210,2025-02-11,20250211,2025-02-28,20250228.0,Professional Services Group,Professional Services,79191.63,79106.97,Closed,Director Review,M. Rivera,True,5,23.0,False,2025-02
REQ-10186,8,Research Administration,2024-08-22,20240822,2024-08-28,20240828,2024-08-30,20240830,2024-09-27,20240927.0,Professional Services Group,Equipment,82478.82,81873.78,Closed,Director Review,A. Chen,True,6,36.0,False,2024-08
REQ-10187,8,Research Administration,2025-01-27,20250127,2025-02-04,20250204,2025-02-05,20250205,2025-03-02,20250302.0,EduConsult Partners,Software,23515.91,23157.87,Closed,Manager Review,M. Rivera,False,8,34.0,False,2025-02
REQ-10188,8,Research Administration,2024-11-26,20241126,2024-12-01,20241201,2024-12-03,20241203,2025-01-03,20250103.0,EduConsult Partners,Events,33190.28,33057.04,Closed,Director Review,M. Rivera,False,5,38.0,False,2024-12
REQ-10189,8,Research Administration,2025-03-16,20250316,2025-03-23,20250323,2025-03-24,20250324,2025-04-23,20250423.0,Professional Services Group,Professional Services,57237.24,55807.47,Closed,Director Review,J. Morgan,True,7,38.0,False,2025-03
REQ-10190,8,Research Administration,2025-04-16,20250416,2025-04-25,20250425,2025-04-28,20250428,2025-05-08,20250508.0,OfficeSource,Software,54100.77,52431.67,Closed,Director Review,J. Morgan,True,9,22.0,False,2025-04
REQ-10191,8,Research Administration,2024-12-05,20241205,2024-12-10,20241210,2024-12-12,20241212,2025-01-13,20250113.0,Professional Services Group,Professional Services,18066.26,17536.87,Closed,Manager Review,M. Rivera,False,5,39.0,False,2024-12
REQ-10192,8,Research Administration,2024-09-07,20240907,2024-09-13,20240913,2024-09-15,20240915,2024-10-02,20241002.0,Campus Supply Co.,Professional Services,51643.07,50920.62,Closed,Director Review,S. Patel,True,6,25.0,False,2024-09
