department_id,department_name,date_key,fiscal_year,fiscal_period,budget_category,monthly_budget,actual_spend,committed_amount,funding_source,last_updated_date
1,Finance & Accounting,20230701,2024,1,Personnel,212516.16,184968.6,13567.74,Operating Fund,2025-06-30
1,Finance & Accounting,20230801,2024,2,Personnel,224003.52,207108.79,12564.6,Operating Fund,2025-06-30
1,Finance & Accounting,20230901,2024,3,Personnel,229747.2,202948.72,11161.45,Operating Fund,2025-06-30
1,Finance & Accounting,20231001,2024,4,Personnel,232619.04,222044.56,19352.93,Operating Fund,2025-06-30
1,Finance & Accounting,20231101,2024,5,Personnel,238362.72,223694.35,4853.98,Operating Fund,2025-06-30
1,Finance & Accounting,20231201,2024,6,Personnel,249850.08,227976.68,21742.94,Operating Fund,2025-06-30
1,Finance & Accounting,20240101,2024,7,Personnel,226875.36,214055.41,5076.52,Operating Fund,2025-06-30
1,Finance & Accounting,20240201,2024,8,Personnel,232619.04,213042.62,20168.28,Operating Fund,2025-06-30
1,Finance & Accounting,20240301,2024,9,Personnel,241234.56,219527.15,19126.89,Operating Fund,2025-06-30
1,Finance & Accounting,20240401,2024,10,Personnel,246978.24,221639.43,11146.21,Operating Fund,2025-06-30
1,Finance & Accounting,20240501,2024,11,Personnel,258465.6,235362.04,15740.08,Operating Fund,2025-06-30
1,Finance & Accounting,20240601,2024,12,Personnel,278568.48,255365.26,9250.42,Operating Fund,2025-06-30
1,Finance & Accounting,20230701,2024,1,Professional Services,54842.88,50785.74,2952.78,Operating Fund,2025-06-30
1,Finance & Accounting,20230801,2024,2,Professional Services,57807.36,53008.25,2698.8,Operating Fund,2025-06-30
1,Finance & Accounting,20230901,2024,3,Professional Services,59289.6,51528.85,1914.59,Operating Fund,2025-06-30
1,Finance & Accounting,20231001,2024,4,Professional Services,60030.72,54916.52,3880.03,Operating Fund,2025-06-30
1,Finance & Accounting,20231101,2024,5,Professional Services,61512.96,56816.69,4445.55,Operating Fund,2025-06-30
1,Finance & Accounting,20231201,2024,6,Professional Services,64477.44,58170.21,5489.92,Operating Fund,2025-06-30
1,Finance & Accounting,20240101,2024,7,Professional Services,58548.48,56460.15,4377.22,Operating Fund,2025-06-30
1,Finance & Accounting,20240201,2024,8,Professional Services,60030.72,56003.52,4555.29,Operating Fund,2025-06-30
1,Finance & Accounting,20240301,2024,9,Professional Services,62254.08,54638.04,4187.76,Operating Fund,2025-06-30
1,Finance & Accounting,20240401,2024,10,Professional Services,63736.32,58604.11,3512.22,Operating Fund,2025-06-30
1,Finance & Accounting,20240501,2024,11,Professional Services,66700.8,61063.41,3781.41,Operating Fund,2025-06-30
1,Finance & Accounting,20240601,2024,12,Professional Services,71888.64,66129.31,3786.88,Operating Fund,2025-06-30
1,Finance & Accounting,20230701,2024,1,Systems,41132.16,38224.79,3085.88,Operating Fund,2025-06-30
1,Finance & Accounting,20230801,2024,2,Systems,43355.52,38563.51,1691.37,Operating Fund,2025-06-30
1,Finance & Accounting,20230901,2024,3,Systems,44467.2,39675.99,2946.0,Operating Fund,2025-06-30
1,Finance & Accounting,20231001,2024,4,Systems,45023.04,41287.16,1046.93,Operating Fund,2025-06-30
1,Finance & Accounting,20231101,2024,5,Systems,46134.72,44798.69,3288.47,Operating Fund,2025-06-30
1,Finance & Accounting,20231201,2024,6,Systems,48358.08,42266.28,2847.16,Operating Fund,2025-06-30
1,Finance & Accounting,20240101,2024,7,Systems,43911.36,41798.43,2645.57,Operating Fund,2025-06-30
1,Finance & Accounting,20240201,2024,8,Systems,45023.04,43587.21,1065.35,Operating Fund,2025-06-30
1,Finance & Accounting,20240301,2024,9,Systems,46690.56,43229.04,3993.55,Operating Fund,2025-06-30
1,Finance & Accounting,20240401,2024,10,Systems,47802.24,42476.26,1283.64,Operating Fund,2025-06-30
1,Finance & Accounting,20240501,2024,11,Systems,50025.6,43719.73,3697.93,Operating Fund,2025-06-30
1,Finance & Accounting,20240601,2024,12,Systems,53916.48,48966.51,4336.92,Operating Fund,2025-06-30
1,Finance & Accounting,20230701,2024,1,Training,34276.8,29392.24,2356.29,Operating Fund,2025-06-30
1,Finance & Accounting,20230801,2024,2,Training,36129.6,32026.38,850.85,Operating Fund,2025-06-30
1,Finance & Accounting,20230901,2024,3,Training,37056.0,34910.77,1984.21,Operating Fund,2025-06-30
1,Finance & Accounting,20231001,2024,4,Training,37519.2,32679.24,2881.16,Operating Fund,2025-06-30
1,Finance & Accounting,20231101,2024,5,Training,38445.6,35448.17,1990.73,Operating Fund,2025-06-30
1,Finance & Accounting,20231201,2024,6,Training,40298.4,39345.3,3496.92,Operating Fund,2025-06-30
1,Finance & Accounting,20240101,2024,7,Training,36592.8,33680.01,1427.91,Operating Fund,2025-06-30
1,Finance & Accounting,20240201,2024,8,Training,37519.2,34704.63,1611.96,Operating Fund,2025-06-30
1,Finance & Accounting,20240301,2024,9,Training,38908.8,36612.4,1501.18,Operating Fund,2025-06-30
1,Finance & Accounting,20240401,2024,10,Training,39835.2,36466.3,2281.12,Operating Fund,2025-06-30
1,Finance & Accounting,20240501,2024,11,Training,41688.0,37486.69,1696.76,Operating Fund,2025-06-30
1,Finance & Accounting,20240601,2024,12,Training,44930.4,41075.88,1605.29,Operating Fund,2025-06-30
1,Finance & Accounting,20240701,2025,1,Personnel,220224.0,201762.58,13175.46,Operating Fund,2025-06-30
1,Finance & Accounting,20240801,2025,2,Personnel,232128.0,230268.45,13027.29,Operating Fund,2025-06-30
1,Finance & Accounting,20240901,2025,3,Personnel,238080.0,218383.0,20880.87,Operating Fund,2025-06-30
1,Finance & Accounting,20241001,2025,4,Personnel,241056.0,216252.58,11370.54,Operating Fund,2025-06-30
1,Finance & Accounting,20241101,2025,5,Personnel,247008.0,234467.74,16967.68,Operating Fund,2025-06-30
1,Finance & Accounting,20241201,2025,6,Personnel,258912.0,250457.68,15546.51,Operating Fund,2025-06-30
1,Finance & Accounting,20250101,2025,7,Personnel,235104.0,222110.65,6793.07,Operating Fund,2025-06-30
1,Finance & Accounting,20250201,2025,8,Personnel,241056.0,228700.12,20174.87,Operating Fund,2025-06-30
1,Finance & Accounting,20250301,2025,9,Personnel,249984.0,239238.9,17160.05,Operating Fund,2025-06-30
1,Finance & Accounting,20250401,2025,10,Personnel,255936.0,238041.51,10187.14,Operating Fund,2025-06-30
1,Finance & Accounting,20250501,2025,11,Personnel,267840.0,254529.17,10482.6,Operating Fund,2025-06-30
1,Finance & Accounting,20250601,2025,12,Personnel,288672.0,263227.63,17558.52,Operating Fund,2025-06-30
1,Finance & Accounting,20240701,2025,1,Professional Services,56832.0,51308.94,4160.33,Operating Fund,2025-06-30
1,Finance & Accounting,20240801,2025,2,Professional Services,59904.0,54368.56,5296.31,Operating Fund,2025-06-30
1,Finance & Accounting,20240901,2025,3,Professional Services,61440.0,58986.18,4179.29,Operating Fund,2025-06-30
1,Finance & Accounting,20241001,2025,4,Professional Services,62208.0,59274.43,3827.29,Operating Fund,2025-06-30
1,Finance & Accounting,20241101,2025,5,Professional Services,63744.0,60704.34,4171.29,Operating Fund,2025-06-30
1,Finance & Accounting,20241201,2025,6,Professional Services,66816.0,63284.66,2929.79,Operating Fund,2025-06-30
1,Finance & Accounting,20250101,2025,7,Professional Services,60672.0,59429.23,1970.69,Operating Fund,2025-06-30
1,Finance & Accounting,20250201,2025,8,Professional Services,62208.0,57089.22,3962.1,Operating Fund,2025-06-30
1,Finance & Accounting,20250301,2025,9,Professional Services,64512.0,60911.94,3649.83,Operating Fund,2025-06-30
1,Finance & Accounting,20250401,2025,10,Professional Services,66048.0,61157.63,1545.6,Operating Fund,2025-06-30
1,Finance & Accounting,20250501,2025,11,Professional Services,69120.0,64017.84,4683.67,Operating Fund,2025-06-30
1,Finance & Accounting,20250601,2025,12,Professional Services,74496.0,71387.01,6207.58,Operating Fund,2025-06-30
1,Finance & Accounting,20240701,2025,1,Systems,42624.0,41325.67,2264.34,Operating Fund,2025-06-30
1,Finance & Accounting,20240801,2025,2,Systems,44928.0,43815.65,3713.19,Operating Fund,2025-06-30
1,Finance & Accounting,20240901,2025,3,Systems,46080.0,41489.56,3042.43,Operating Fund,2025-06-30
1,Finance & Accounting,20241001,2025,4,Systems,46656.0,42967.0,1337.91,Operating Fund,2025-06-30
1,Finance & Accounting,20241101,2025,5,Systems,47808.0,43939.63,1392.64,Operating Fund,2025-06-30
1,Finance & Accounting,20241201,2025,6,Systems,50112.0,47662.22,3011.62,Operating Fund,2025-06-30
1,Finance & Accounting,20250101,2025,7,Systems,45504.0,42473.88,2706.5,Operating Fund,2025-06-30
1,Finance & Accounting,20250201,2025,8,Systems,46656.0,42639.01,1427.06,Operating Fund,2025-06-30
1,Finance & Accounting,20250301,2025,9,Systems,48384.0,44290.62,2376.44,Operating Fund,2025-06-30
1,Finance & Accounting,20250401,2025,10,Systems,49536.0,47308.82,1983.9,Operating Fund,2025-06-30
1,Finance & Accounting,20250501,2025,11,Systems,51840.0,51166.99,2991.45,Operating Fund,2025-06-30
1,Finance & Accounting,20250601,2025,12,Systems,55872.0,52360.95,4891.82,Operating Fund,2025-06-30
1,Finance & Accounting,20240701,2025,1,Training,35520.0,33852.38,2280.95,Operating Fund,2025-06-30
1,Finance & Accounting,20240801,2025,2,Training,37440.0,36370.34,1206.06,Operating Fund,2025-06-30
1,Finance & Accounting,20240901,2025,3,Training,38400.0,36351.85,1115.04,Operating Fund,2025-06-30
1,Finance & Accounting,20241001,2025,4,Training,38880.0,36931.82,2962.05,Operating Fund,2025-06-30
1,Finance & Accounting,20241101,2025,5,Training,39840.0,35884.19,3508.78,Operating Fund,2025-06-30
1,Finance & Accounting,20241201,2025,6,Training,41760.0,40194.89,2461.9,Operating Fund,2025-06-30
1,Finance & Accounting,20250101,2025,7,Training,37920.0,37285.26,1404.06,Operating Fund,2025-06-30
1,Finance & Accounting,20250201,2025,8,Training,38880.0,34442.01,1213.39,Operating Fund,2025-06-30
1,Finance & Accounting,20250301,2025,9,Training,40320.0,37544.37,925.07,Operating Fund,2025-06-30
1,Finance & Accounting,20250401,2025,10,Training,41280.0,37575.9,2991.49,Operating Fund,2025-06-30
1,Finance & Accounting,20250501,2025,11,Training,43200.0,42064.5,2755.19,Operating Fund,2025-06-30
1,Finance & Accounting,20250601,2025,12,Training,46560.0,42702.49,2114.3,Operating Fund,2025-06-30
2,Human Resources,20230701,2024,1,Personnel,172669.38,150766.88,4721.38,Operating Fund,2025-06-30
2,Human Resources,20230801,2024,2,Personnel,182002.86,162763.88,3652.28,Operating Fund,2025-06-30
2,Human Resources,20230901,2024,3,Personnel,186669.6,174632.27,11409.75,Operating Fund,2025-06-30
2,Human Resources,20231001,2024,4,Personnel,189002.97,168502.18,5601.37,Operating Fund,2025-06-30
2,Human Resources,20231101,2024,5,Personnel,193669.71,182745.59,13009.48,Operating Fund,2025-06-30
2,Human Resources,20231201,2024,6,Personnel,203003.19,174660.55,7582.4,Operating Fund,2025-06-30
2,Human Resources,20240101,2024,7,Personnel,184336.23,164857.25,15273.04,Operating Fund,2025-06-30
2,Human Resources,20240201,2024,8,Personnel,189002.97,168939.39,9429.59,Operating Fund,2025-06-30
2,Human Resources,20240301,2024,9,Personnel,196003.08,178827.02,15414.98,Operating Fund,2025-06-30
2,Human Resources,20240401,2024,10,Personnel,200669.82,183165.48,8525.25,Operating Fund,2025-06-30
2,Human Resources,20240501,2024,11,Personnel,210003.3,198807.78,7374.29,Operating Fund,2025-06-30
2,Human Resources,20240601,2024,12,Personnel,226336.89,203031.58,13725.87,Operating Fund,2025-06-30
2,Human Resources,20230701,2024,1,Recruiting,44559.84,38722.0,3763.82,Operating Fund,2025-06-30
2,Human Resources,20230801,2024,2,Recruiting,46968.48,46453.88,2332.23,Operating Fund,2025-06-30
2,Human Resources,20230901,2024,3,Recruiting,48172.8,41946.08,1915.48,Operating Fund,2025-06-30
2,Human Resources,20231001,2024,4,Recruiting,48774.96,46710.7,1176.34,Operating Fund,2025-06-30
2,Human Resources,20231101,2024,5,Recruiting,49979.28,45334.79,3426.77,Operating Fund,2025-06-30
2,Human Resources,20231201,2024,6,Recruiting,52387.92,47263.13,1582.17,Operating Fund,2025-06-30
2,Human Resources,20240101,2024,7,Recruiting,47570.64,44363.77,3180.02,Operating Fund,2025-06-30
2,Human Resources,20240201,2024,8,Recruiting,48774.96,43381.56,3704.04,Operating Fund,2025-06-30
2,Human Resources,20240301,2024,9,Recruiting,50581.44,44115.74,2831.62,Operating Fund,2025-06-30
2,Human Resources,20240401,2024,10,Recruiting,51785.76,45351.24,2542.4,Operating Fund,2025-06-30
2,Human Resources,20240501,2024,11,Recruiting,54194.4,49860.99,1773.75,Operating Fund,2025-06-30
2,Human Resources,20240601,2024,12,Recruiting,58409.52,51450.92,2799.8,Operating Fund,2025-06-30
2,Human Resources,20230701,2024,1,Benefits Administration,33419.88,29438.54,2352.97,Operating Fund,2025-06-30
2,Human Resources,20230801,2024,2,Benefits Administration,35226.36,32129.78,2890.31,Operating Fund,2025-06-30
2,Human Resources,20230901,2024,3,Benefits Administration,36129.6,32045.07,2171.06,Operating Fund,2025-06-30
2,Human Resources,20231001,2024,4,Benefits Administration,36581.22,33950.16,2053.35,Operating Fund,2025-06-30
2,Human Resources,20231101,2024,5,Benefits Administration,37484.46,34108.92,2231.01,Operating Fund,2025-06-30
2,Human Resources,20231201,2024,6,Benefits Administration,39290.94,36359.78,1001.93,Operating Fund,2025-06-30
2,Human Resources,20240101,2024,7,Benefits Administration,35677.98,33599.14,2373.12,Operating Fund,2025-06-30
2,Human Resources,20240201,2024,8,Benefits Administration,36581.22,32557.76,3058.14,Operating Fund,2025-06-30
2,Human Resources,20240301,2024,9,Benefits Administration,37936.08,33657.55,1800.39,Operating Fund,2025-06-30
2,Human Resources,20240401,2024,10,Benefits Administration,38839.32,36211.22,1544.95,Operating Fund,2025-06-30
2,Human Resources,20240501,2024,11,Benefits Administration,40645.8,36041.19,3553.22,Operating Fund,2025-06-30
2,Human Resources,20240601,2024,12,Benefits Administration,43807.14,38616.98,3508.89,Operating Fund,2025-06-30
2,Human Resources,20230701,2024,1,Training,27849.9,24915.9,1264.42,Operating Fund,2025-06-30
2,Human Resources,20230801,2024,2,Training,29355.3,25461.01,657.36,Operating Fund,2025-06-30
2,Human Resources,20230901,2024,3,Training,30108.0,28842.86,1477.65,Operating Fund,2025-06-30
2,Human Resources,20231001,2024,4,Training,30484.35,26953.1,2372.76,Operating Fund,2025-06-30
2,Human Resources,20231101,2024,5,Training,31237.05,29323.47,974.25,Operating Fund,2025-06-30
2,Human Resources,20231201,2024,6,Training,32742.45,29969.98,981.84,Operating Fund,2025-06-30
2,Human Resources,20240101,2024,7,Training,29731.65,27324.37,1933.01,Operating Fund,2025-06-30
2,Human Resources,20240201,2024,8,Training,30484.35,27039.24,1250.53,Operating Fund,2025-06-30
2,Human Resources,20240301,2024,9,Training,31613.4,27651.01,1115.24,Operating Fund,2025-06-30
2,Human Resources,20240401,2024,10,Training,32366.1,29061.63,711.55,Operating Fund,2025-06-30
2,Human Resources,20240501,2024,11,Training,33871.5,31251.22,1527.89,Operating Fund,2025-06-30
2,Human Resources,20240601,2024,12,Training,36505.95,32802.95,1209.91,Operating Fund,2025-06-30
2,Human Resources,20240701,2025,1,Personnel,178932.0,163550.42,12480.96,Operating Fund,2025-06-30
2,Human Resources,20240801,2025,2,Personnel,188604.0,176701.56,15440.21,Operating Fund,2025-06-30
2,Human Resources,20240901,2025,3,Personnel,193440.0,183604.87,15614.23,Operating Fund,2025-06-30
2,Human Resources,20241001,2025,4,Personnel,195858.0,176390.31,17382.45,Operating Fund,2025-06-30
2,Human Resources,20241101,2025,5,Personnel,200694.0,199023.36,14828.0,Operating Fund,2025-06-30
2,Human Resources,20241201,2025,6,Personnel,210366.0,189682.67,15807.48,Operating Fund,2025-06-30
2,Human Resources,20250101,2025,7,Personnel,191022.0,167224.81,11686.74,Operating Fund,2025-06-30
2,Human Resources,20250201,2025,8,Personnel,195858.0,183713.03,17347.34,Operating Fund,2025-06-30
2,Human Resources,20250301,2025,9,Personnel,203112.0,198406.42,8824.6,Operating Fund,2025-06-30
2,Human Resources,20250401,2025,10,Personnel,207948.0,186917.74,7678.7,Operating Fund,2025-06-30
2,Human Resources,20250501,2025,11,Personnel,217620.0,204567.08,14147.26,Operating Fund,2025-06-30
2,Human Resources,20250601,2025,12,Personnel,234546.0,218957.73,19643.11,Operating Fund,2025-06-30
2,Human Resources,20240701,2025,1,Recruiting,46176.0,46578.58,1712.83,Operating Fund,2025-06-30
2,Human Resources,20240801,2025,2,Recruiting,48672.0,44870.94,3245.6,Operating Fund,2025-06-30
2,Human Resources,20240901,2025,3,Recruiting,49920.0,45356.79,2126.04,Operating Fund,2025-06-30
2,Human Resources,20241001,2025,4,Recruiting,50544.0,47310.77,4141.93,Operating Fund,2025-06-30
2,Human Resources,20241101,2025,5,Recruiting,51792.0,45197.87,2600.24,Operating Fund,2025-06-30
2,Human Resources,20241201,2025,6,Recruiting,54288.0,50313.04,3257.63,Operating Fund,2025-06-30
2,Human Resources,20250101,2025,7,Recruiting,49296.0,44583.98,2204.33,Operating Fund,2025-06-30
2,Human Resources,20250201,2025,8,Recruiting,50544.0,47165.37,3202.2,Operating Fund,2025-06-30
2,Human Resources,20250301,2025,9,Recruiting,52416.0,51223.19,2116.34,Operating Fund,2025-06-30
2,Human Resources,20250401,2025,10,Recruiting,53664.0,50944.49,1667.91,Operating Fund,2025-06-30
2,Human Resources,20250501,2025,11,Recruiting,56160.0,46428.57,2781.06,Operating Fund,2025-06-30
2,Human Resources,20250601,2025,12,Recruiting,60528.0,60346.42,4311.49,Operating Fund,2025-06-30
2,Human Resources,20240701,2025,1,Benefits Administration,34632.0,31727.55,3104.59,Operating Fund,2025-06-30
2,Human Resources,20240801,2025,2,Benefits Administration,36504.0,34601.27,1572.05,Operating Fund,2025-06-30
2,Human Resources,20240901,2025,3,Benefits Administration,37440.0,32815.97,767.17,Operating Fund,2025-06-30
2,Human Resources,20241001,2025,4,Benefits Administration,37908.0,35799.83,3011.05,Operating Fund,2025-06-30
2,Human Resources,20241101,2025,5,Benefits Administration,38844.0,37719.94,1726.0,Operating Fund,2025-06-30
2,Human Resources,20241201,2025,6,Benefits Administration,40716.0,36769.46,2231.32,Operating Fund,2025-06-30
2,Human Resources,20250101,2025,7,Benefits Administration,36972.0,34700.83,1909.06,Operating Fund,2025-06-30
2,Human Resources,20250201,2025,8,Benefits Administration,37908.0,34073.31,1124.45,Operating Fund,2025-06-30
2,Human Resources,20250301,2025,9,Benefits Administration,39312.0,37743.73,2516.47,Operating Fund,2025-06-30
2,Human Resources,20250401,2025,10,Benefits Administration,40248.0,37779.29,1932.12,Operating Fund,2025-06-30
2,Human Resources,20250501,2025,11,Benefits Administration,42120.0,38746.97,1041.18,Operating Fund,2025-06-30
2,Human Resources,20250601,2025,12,Benefits Administration,45396.0,42761.84,1978.7,Operating Fund,2025-06-30
2,Human Resources,20240701,2025,1,Training,28860.0,27395.99,912.42,Operating Fund,2025-06-30
2,Human Resources,20240801,2025,2,Training,30420.0,29338.24,699.21,Operating Fund,2025-06-30
2,Human Resources,20240901,2025,3,Training,31200.0,29739.26,2687.68,Operating Fund,2025-06-30
2,Human Resources,20241001,2025,4,Training,31590.0,29577.35,2211.61,Operating Fund,2025-06-30
2,Human Resources,20241101,2025,5,Training,32370.0,29496.38,889.59,Operating Fund,2025-06-30
2,Human Resources,20241201,2025,6,Training,33930.0,32614.08,1220.23,Operating Fund,2025-06-30
2,Human Resources,20250101,2025,7,Training,30810.0,28959.3,1544.87,Operating Fund,2025-06-30
2,Human Resources,20250201,2025,8,Training,31590.0,27825.71,962.02,Operating Fund,2025-06-30
2,Human Resources,20250301,2025,9,Training,32760.0,29550.3,1388.84,Operating Fund,2025-06-30
2,Human Resources,20250401,2025,10,Training,33540.0,31941.99,1221.02,Operating Fund,2025-06-30
2,Human Resources,20250501,2025,11,Training,35100.0,31856.2,1397.37,Operating Fund,2025-06-30
2,Human Resources,20250601,2025,12,Training,37830.0,34405.19,2361.73,Operating Fund,2025-06-30
3,Facilities Management,20230701,2024,1,Personnel,380758.12,334471.45,14310.98,Operating Fund,2025-06-30
3,Facilities Management,20230801,2024,2,Personnel,401339.64,370202.72,16259.95,Operating Fund,2025-06-30
3,Facilities Management,20230901,2024,3,Personnel,411630.4,408923.44,32091.18,Operating Fund,2025-06-30
3,Facilities Management,20231001,2024,4,Personnel,416775.78,368510.67,21229.4,Operating Fund,2025-06-30
3,Facilities Management,20231101,2024,5,Personnel,427066.54,387998.11,28819.06,Operating Fund,2025-06-30
3,Facilities Management,20231201,2024,6,Personnel,447648.06,417003.52,17842.14,Operating Fund,2025-06-30
3,Facilities Management,20240101,2024,7,Personnel,406485.02,378201.32,35051.11,Operating Fund,2025-06-30
3,Facilities Management,20240201,2024,8,Personnel,416775.78,372239.2,23334.35,Operating Fund,2025-06-30
3,Facilities Management,20240301,2024,9,Personnel,432211.92,407373.07,38892.91,Operating Fund,2025-06-30
3,Facilities Management,20240401,2024,10,Personnel,442502.68,431542.28,8921.22,Operating Fund,2025-06-30
3,Facilities Management,20240501,2024,11,Personnel,463084.2,450011.81,21767.38,Operating Fund,2025-06-30
3,Facilities Management,20240601,2024,12,Personnel,499101.86,484452.7,20891.55,Operating Fund,2025-06-30
3,Facilities Management,20230701,2024,1,Maintenance Supplies,98260.16,95035.09,8718.45,Operating Fund,2025-06-30
3,Facilities Management,20230801,2024,2,Maintenance Supplies,103571.52,93289.32,3483.73,Operating Fund,2025-06-30
3,Facilities Management,20230901,2024,3,Maintenance Supplies,106227.2,97363.4,8819.75,Operating Fund,2025-06-30
3,Facilities Management,20231001,2024,4,Maintenance Supplies,107555.04,93459.83,5448.83,Operating Fund,2025-06-30
3,Facilities Management,20231101,2024,5,Maintenance Supplies,110210.72,106620.14,2514.29,Operating Fund,2025-06-30
3,Facilities Management,20231201,2024,6,Maintenance Supplies,115522.08,107758.22,5240.47,Operating Fund,2025-06-30
3,Facilities Management,20240101,2024,7,Maintenance Supplies,104899.36,92757.12,8137.69,Operating Fund,2025-06-30
3,Facilities Management,20240201,2024,8,Maintenance Supplies,107555.04,102502.17,6324.67,Operating Fund,2025-06-30
3,Facilities Management,20240301,2024,9,Maintenance Supplies,111538.56,106307.4,4483.75,Operating Fund,2025-06-30
3,Facilities Management,20240401,2024,10,Maintenance Supplies,114194.24,108402.39,6285.84,Operating Fund,2025-06-30
3,Facilities Management,20240501,2024,11,Maintenance Supplies,119505.6,114365.4,10048.85,Operating Fund,2025-06-30
3,Facilities Management,20240601,2024,12,Maintenance Supplies,128800.48,123669.91,6780.86,Operating Fund,2025-06-30
3,Facilities Management,20230701,2024,1,Utilities,73695.12,71983.69,3479.99,Operating Fund,2025-06-30
3,Facilities Management,20230801,2024,2,Utilities,77678.64,74075.27,5631.87,Operating Fund,2025-06-30
3,Facilities Management,20230901,2024,3,Utilities,79670.4,75599.53,5373.42,Operating Fund,2025-06-30
3,Facilities Management,20231001,2024,4,Utilities,80666.28,71593.41,4341.95,Operating Fund,2025-06-30
3,Facilities Management,20231101,2024,5,Utilities,82658.04,74769.54,5622.88,Operating Fund,2025-06-30
3,Facilities Management,20231201,2024,6,Utilities,86641.56,85648.1,4962.93,Operating Fund,2025-06-30
3,Facilities Management,20240101,2024,7,Utilities,78674.52,76293.44,6334.21,Operating Fund,2025-06-30
3,Facilities Management,20240201,2024,8,Utilities,80666.28,72390.41,2285.4,Operating Fund,2025-06-30
3,Facilities Management,20240301,2024,9,Utilities,83653.92,79624.51,7252.2,Operating Fund,2025-06-30
3,Facilities Management,20240401,2024,10,Utilities,85645.68,80766.54,4139.71,Operating Fund,2025-06-30
3,Facilities Management,20240501,2024,11,Utilities,89629.2,78920.28,4769.2,Operating Fund,2025-06-30
3,Facilities Management,20240601,2024,12,Utilities,96600.36,89483.09,5243.26,Operating Fund,2025-06-30
3,Facilities Management,20230701,2024,1,Contract Services,61412.6,56813.49,1749.92,Operating Fund,2025-06-30
3,Facilities Management,20230801,2024,2,Contract Services,64732.2,60288.85,3656.04,Operating Fund,2025-06-30
3,Facilities Management,20230901,2024,3,Contract Services,66392.0,60472.08,2522.67,Operating Fund,2025-06-30
3,Facilities Management,20231001,2024,4,Contract Services,67221.9,66558.48,2947.48,Operating Fund,2025-06-30
3,Facilities Management,20231101,2024,5,Contract Services,68881.7,67880.82,3309.83,Operating Fund,2025-06-30
3,Facilities Management,20231201,2024,6,Contract Services,72201.3,66524.75,3528.68,Operating Fund,2025-06-30
3,Facilities Management,20240101,2024,7,Contract Services,65562.1,59446.81,2023.25,Operating Fund,2025-06-30
3,Facilities Management,20240201,2024,8,Contract Services,67221.9,60733.01,4747.09,Operating Fund,2025-06-30
3,Facilities Management,20240301,2024,9,Contract Services,69711.6,68347.38,3975.97,Operating Fund,2025-06-30
3,Facilities Management,20240401,2024,10,Contract Services,71371.4,67598.42,3327.12,Operating Fund,2025-06-30
3,Facilities Management,20240501,2024,11,Contract Services,74691.0,68319.91,3735.19,Operating Fund,2025-06-30
3,Facilities Management,20240601,2024,12,Contract Services,80500.3,72972.49,3681.42,Operating Fund,2025-06-30
3,Facilities Management,20240701,2025,1,Personnel,394568.0,360756.02,10226.03,Operating Fund,2025-06-30
3,Facilities Management,20240801,2025,2,Personnel,415896.0,405762.08,9566.91,Operating Fund,2025-06-30
3,Facilities Management,20240901,2025,3,Personnel,426560.0,410574.53,32402.05,Operating Fund,2025-06-30
3,Facilities Management,20241001,2025,4,Personnel,431892.0,414752.73,11613.67,Operating Fund,2025-06-30
3,Facilities Management,20241101,2025,5,Personnel,442556.0,433598.93,32210.04,Operating Fund,2025-06-30
3,Facilities Management,20241201,2025,6,Personnel,463884.0,456545.33,19176.97,Operating Fund,2025-06-30
3,Facilities Management,20250101,2025,7,Personnel,421228.0,392449.86,14933.54,Operating Fund,2025-06-30
3,Facilities Management,20250201,2025,8,Personnel,431892.0,453344.83,31448.32,Operating Fund,2025-06-30
3,Facilities Management,20250301,2025,9,Personnel,447888.0,429116.74,29942.02,Operating Fund,2025-06-30
3,Facilities Management,20250401,2025,10,Personnel,458552.0,420728.72,19590.24,Operating Fund,2025-06-30
3,Facilities Management,20250501,2025,11,Personnel,479880.0,432507.07,40059.36,Operating Fund,2025-06-30
3,Facilities Management,20250601,2025,12,Personnel,517204.0,508583.15,32465.06,Operating Fund,2025-06-30
3,Facilities Management,20240701,2025,1,Maintenance Supplies,101824.0,96279.16,4745.37,Operating Fund,2025-06-30
3,Facilities Management,20240801,2025,2,Maintenance Supplies,107328.0,106501.05,5678.74,Operating Fund,2025-06-30
3,Facilities Management,20240901,2025,3,Maintenance Supplies,110080.0,96967.53,7110.93,Operating Fund,2025-06-30
3,Facilities Management,20241001,2025,4,Maintenance Supplies,111456.0,109181.34,9717.29,Operating Fund,2025-06-30
3,Facilities Management,20241101,2025,5,Maintenance Supplies,114208.0,114272.37,7794.88,Operating Fund,2025-06-30
3,Facilities Management,20241201,2025,6,Maintenance Supplies,119712.0,117610.2,6092.64,Operating Fund,2025-06-30
3,Facilities Management,20250101,2025,7,Maintenance Supplies,108704.0,102350.87,4970.25,Operating Fund,2025-06-30
3,Facilities Management,20250201,2025,8,Maintenance Supplies,111456.0,102946.21,4696.74,Operating Fund,2025-06-30
3,Facilities Management,20250301,2025,9,Maintenance Supplies,115584.0,113688.22,6586.79,Operating Fund,2025-06-30
3,Facilities Management,20250401,2025,10,Maintenance Supplies,118336.0,114470.02,5636.24,Operating Fund,2025-06-30
3,Facilities Management,20250501,2025,11,Maintenance Supplies,123840.0,122795.01,4743.07,Operating Fund,2025-06-30
3,Facilities Management,20250601,2025,12,Maintenance Supplies,133472.0,123898.02,5106.02,Operating Fund,2025-06-30
3,Facilities Management,20240701,2025,1,Utilities,76368.0,70634.18,3747.53,Operating Fund,2025-06-30
3,Facilities Management,20240801,2025,2,Utilities,80496.0,76684.01,2078.64,Operating Fund,2025-06-30
3,Facilities Management,20240901,2025,3,Utilities,82560.0,82402.26,3552.19,Operating Fund,2025-06-30
3,Facilities Management,20241001,2025,4,Utilities,83592.0,79047.2,3180.62,Operating Fund,2025-06-30
3,Facilities Management,20241101,2025,5,Utilities,85656.0,81664.89,1774.19,Operating Fund,2025-06-30
3,Facilities Management,20241201,2025,6,Utilities,89784.0,85553.64,3562.75,Operating Fund,2025-06-30
3,Facilities Management,20250101,2025,7,Utilities,81528.0,82595.78,3623.02,Operating Fund,2025-06-30
3,Facilities Management,20250201,2025,8,Utilities,83592.0,78095.01,2585.81,Operating Fund,2025-06-30
3,Facilities Management,20250301,2025,9,Utilities,86688.0,84331.44,2612.81,Operating Fund,2025-06-30
3,Facilities Management,20250401,2025,10,Utilities,88752.0,87929.94,7020.62,Operating Fund,2025-06-30
3,Facilities Management,20250501,2025,11,Utilities,92880.0,86864.52,3662.24,Operating Fund,2025-06-30
3,Facilities Management,20250601,2025,12,Utilities,100104.0,94917.12,8706.57,Operating Fund,2025-06-30
3,Facilities Management,20240701,2025,1,Contract Services,63640.0,62158.61,4161.79,Operating Fund,2025-06-30
3,Facilities Management,20240801,2025,2,Contract Services,67080.0,62906.44,1810.35,Operating Fund,2025-06-30
3,Facilities Management,20240901,2025,3,Contract Services,68800.0,66088.48,3590.26,Operating Fund,2025-06-30
3,Facilities Management,20241001,2025,4,Contract Services,69660.0,64760.35,1807.81,Operating Fund,2025-06-30
3,Facilities Management,20241101,2025,5,Contract Services,71380.0,70407.13,4568.79,Operating Fund,2025-06-30
3,Facilities Management,20241201,2025,6,Contract Services,74820.0,71675.7,4933.21,Operating Fund,2025-06-30
3,Facilities Management,20250101,2025,7,Contract Services,67940.0,65293.56,3222.34,Operating Fund,2025-06-30
3,Facilities Management,20250201,2025,8,Contract Services,69660.0,65909.32,3252.89,Operating Fund,2025-06-30
3,Facilities Management,20250301,2025,9,Contract Services,72240.0,69272.0,5740.54,Operating Fund,2025-06-30
3,Facilities Management,20250401,2025,10,Contract Services,73960.0,69841.7,2788.27,Operating Fund,2025-06-30
3,Facilities Management,20250501,2025,11,Contract Services,77400.0,74175.5,2886.57,Operating Fund,2025-06-30
3,Facilities Management,20250601,2025,12,Contract Services,83420.0,83111.21,6594.7,Operating Fund,2025-06-30
4,Information Technology,20230701,2024,1,Personnel,318774.24,311728.22,9123.68,Operating Fund,2025-06-30
4,Information Technology,20230801,2024,2,Personnel,336005.28,319527.56,28056.54,Operating Fund,2025-06-30
4,Information Technology,20230901,2024,3,Personnel,344620.8,320145.05,28184.11,Operating Fund,2025-06-30
4,Information Technology,20231001,2024,4,Personnel,348928.56,329847.81,7405.24,Operating Fund,2025-06-30
4,Information Technology,20231101,2024,5,Personnel,357544.08,333050.96,28454.02,Operating Fund,2025-06-30
4,Information Technology,20231201,2024,6,Personnel,374775.12,356850.61,18330.85,Operating Fund,2025-06-30
4,Information Technology,20240101,2024,7,Personnel,340313.04,331790.74,16304.88,Operating Fund,2025-06-30
4,Information Technology,20240201,2024,8,Personnel,348928.56,350633.28,14473.94,Operating Fund,2025-06-30
4,Information Technology,20240301,2024,9,Personnel,361851.84,357923.79,27539.91,Operating Fund,2025-06-30
4,Information Technology,20240401,2024,10,Personnel,370467.36,358621.13,13910.91,Operating Fund,2025-06-30
4,Information Technology,20240501,2024,11,Personnel,387698.4,361552.53,21315.19,Operating Fund,2025-06-30
4,Information Technology,20240601,2024,12,Personnel,417852.72,403777.92,26727.85,Operating Fund,2025-06-30
4,Information Technology,20230701,2024,1,Software,82264.32,77140.08,4054.52,Operating Fund,2025-06-30
4,Information Technology,20230801,2024,2,Software,86711.04,77027.79,2480.36,Operating Fund,2025-06-30
4,Information Technology,20230901,2024,3,Software,88934.4,84589.85,2996.52,Operating Fund,2025-06-30
4,Information Technology,20231001,2024,4,Software,90046.08,86167.03,3296.94,Operating Fund,2025-06-30
4,Information Technology,20231101,2024,5,Software,92269.44,87710.88,4716.17,Operating Fund,2025-06-30
4,Information Technology,20231201,2024,6,Software,96716.16,94945.47,8700.5,Operating Fund,2025-06-30
4,Information Technology,20240101,2024,7,Software,87822.72,86350.86,6724.56,Operating Fund,2025-06-30
4,Information Technology,20240201,2024,8,Software,90046.08,88060.13,6482.03,Operating Fund,2025-06-30
4,Information Technology,20240301,2024,9,Software,93381.12,96214.35,1975.26,Operating Fund,2025-06-30
4,Information Technology,20240401,2024,10,Software,95604.48,92040.07,1977.02,Operating Fund,2025-06-30
4,Information Technology,20240501,2024,11,Software,100051.2,92323.18,8146.22,Operating Fund,2025-06-30
4,Information Technology,20240601,2024,12,Software,107832.96,104643.13,3004.94,Operating Fund,2025-06-30
4,Information Technology,20230701,2024,1,Hardware,61698.24,58292.53,5449.03,Operating Fund,2025-06-30
4,Information Technology,20230801,2024,2,Hardware,65033.28,59528.66,5824.63,Operating Fund,2025-06-30
4,Information Technology,20230901,2024,3,Hardware,66700.8,64156.71,1789.12,Operating Fund,2025-06-30
4,Information Technology,20231001,2024,4,Hardware,67534.56,65950.28,2220.62,Operating Fund,2025-06-30
4,Information Technology,20231101,2024,5,Hardware,69202.08,69227.3,1418.72,Operating Fund,2025-06-30
4,Information Technology,20231201,2024,6,Hardware,72537.12,69827.15,2354.21,Operating Fund,2025-06-30
4,Information Technology,20240101,2024,7,Hardware,65867.04,61823.48,5729.94,Operating Fund,2025-06-30
4,Information Technology,20240201,2024,8,Hardware,67534.56,65434.97,5823.07,Operating Fund,2025-06-30
4,Information Technology,20240301,2024,9,Hardware,70035.84,65362.46,4762.2,Operating Fund,2025-06-30
4,Information Technology,20240401,2024,10,Hardware,71703.36,68289.89,3956.09,Operating Fund,2025-06-30
4,Information Technology,20240501,2024,11,Hardware,75038.4,75422.71,4844.6,Operating Fund,2025-06-30
4,Information Technology,20240601,2024,12,Hardware,80874.72,77093.45,2841.19,Operating Fund,2025-06-30
4,Information Technology,20230701,2024,1,Cloud Services,51415.2,51304.29,4123.79,Operating Fund,2025-06-30
4,Information Technology,20230801,2024,2,Cloud Services,54194.4,50517.64,3843.48,Operating Fund,2025-06-30
4,Information Technology,20230901,2024,3,Cloud Services,55584.0,53697.0,1877.53,Operating Fund,2025-06-30
4,Information Technology,20231001,2024,4,Cloud Services,56278.8,51465.41,3146.54,Operating Fund,2025-06-30
4,Information Technology,20231101,2024,5,Cloud Services,57668.4,55248.71,3232.47,Operating Fund,2025-06-30
4,Information Technology,20231201,2024,6,Cloud Services,60447.6,55154.61,2029.92,Operating Fund,2025-06-30
4,Information Technology,20240101,2024,7,Cloud Services,54889.2,53761.26,2779.2,Operating Fund,2025-06-30
4,Information Technology,20240201,2024,8,Cloud Services,56278.8,54695.06,1301.4,Operating Fund,2025-06-30
4,Information Technology,20240301,2024,9,Cloud Services,58363.2,57147.63,2923.44,Operating Fund,2025-06-30
4,Information Technology,20240401,2024,10,Cloud Services,59752.8,55920.76,2716.43,Operating Fund,2025-06-30
4,Information Technology,20240501,2024,11,Cloud Services,62532.0,62652.56,1905.12,Operating Fund,2025-06-30
4,Information Technology,20240601,2024,12,Cloud Services,67395.6,65443.06,4541.82,Operating Fund,2025-06-30
4,Information Technology,20240701,2025,1,Personnel,330336.0,354727.28,24709.61,Operating Fund,2025-06-30
4,Information Technology,20240801,2025,2,Personnel,348192.0,390528.14,24341.99,Operating Fund,2025-06-30
4,Information Technology,20240901,2025,3,Personnel,357120.0,360607.64,10095.31,Operating Fund,2025-06-30
4,Information Technology,20241001,2025,4,Personnel,361584.0,405544.38,26324.87,Operating Fund,2025-06-30
4,Information Technology,20241101,2025,5,Personnel,370512.0,391001.55,31045.07,Operating Fund,2025-06-30
4,Information Technology,20241201,2025,6,Personnel,388368.0,417840.2,22236.37,Operating Fund,2025-06-30
4,Information Technology,20250101,2025,7,Personnel,352656.0,346499.49,13252.74,Operating Fund,2025-06-30
4,Information Technology,20250201,2025,8,Personnel,361584.0,415466.03,22681.43,Operating Fund,2025-06-30
4,Information Technology,20250301,2025,9,Personnel,374976.0,406909.28,31322.02,Operating Fund,2025-06-30
4,Information Technology,20250401,2025,10,Personnel,383904.0,399560.05,8063.34,Operating Fund,2025-06-30
4,Information Technology,20250501,2025,11,Personnel,401760.0,431195.73,17770.3,Operating Fund,2025-06-30
4,Information Technology,20250601,2025,12,Personnel,433008.0,456600.23,30540.43,Operating Fund,2025-06-30
4,Information Technology,20240701,2025,1,Software,85248.0,91399.59,15540.85,Operating Fund,2025-06-30
4,Information Technology,20240801,2025,2,Software,89856.0,97226.45,15061.39,Operating Fund,2025-06-30
4,Information Technology,20240901,2025,3,Software,92160.0,99981.61,11367.07,Operating Fund,2025-06-30
4,Information Technology,20241001,2025,4,Software,93312.0,104214.45,12930.93,Operating Fund,2025-06-30
4,Information Technology,20241101,2025,5,Software,95616.0,105036.39,14794.06,Operating Fund,2025-06-30
4,Information Technology,20241201,2025,6,Software,100224.0,110201.56,13481.72,Operating Fund,2025-06-30
4,Information Technology,20250101,2025,7,Software,91008.0,94755.76,17232.26,Operating Fund,2025-06-30
4,Information Technology,20250201,2025,8,Software,93312.0,104093.7,16374.66,Operating Fund,2025-06-30
4,Information Technology,20250301,2025,9,Software,96768.0,100347.46,13769.9,Operating Fund,2025-06-30
4,Information Technology,20250401,2025,10,Software,99072.0,97760.49,16782.85,Operating Fund,2025-06-30
4,Information Technology,20250501,2025,11,Software,103680.0,113673.85,18064.06,Operating Fund,2025-06-30
4,Information Technology,20250601,2025,12,Software,111744.0,113948.69,16865.88,Operating Fund,2025-06-30
4,Information Technology,20240701,2025,1,Hardware,63936.0,72222.79,3060.21,Operating Fund,2025-06-30
4,Information Technology,20240801,2025,2,Hardware,67392.0,66511.78,3016.12,Operating Fund,2025-06-30
4,Information Technology,20240901,2025,3,Hardware,69120.0,72099.71,5851.43,Operating Fund,2025-06-30
4,Information Technology,20241001,2025,4,Hardware,69984.0,75479.87,3112.4,Operating Fund,2025-06-30
4,Information Technology,20241101,2025,5,Hardware,71712.0,75444.8,5067.31,Operating Fund,2025-06-30
4,Information Technology,20241201,2025,6,Hardware,75168.0,84976.33,5063.32,Operating Fund,2025-06-30
4,Information Technology,20250101,2025,7,Hardware,68256.0,72454.71,2236.65,Operating Fund,2025-06-30
4,Information Technology,20250201,2025,8,Hardware,69984.0,71654.99,2433.46,Operating Fund,2025-06-30
4,Information Technology,20250301,2025,9,Hardware,72576.0,83023.03,1953.26,Operating Fund,2025-06-30
4,Information Technology,20250401,2025,10,Hardware,74304.0,75686.16,4599.14,Operating Fund,2025-06-30
4,Information Technology,20250501,2025,11,Hardware,77760.0,84956.94,1635.49,Operating Fund,2025-06-30
4,Information Technology,20250601,2025,12,Hardware,83808.0,89968.9,3938.88,Operating Fund,2025-06-30
4,Information Technology,20240701,2025,1,Cloud Services,53280.0,56852.62,9082.66,Operating Fund,2025-06-30
4,Information Technology,20240801,2025,2,Cloud Services,56160.0,62963.53,10517.37,Operating Fund,2025-06-30
4,Information Technology,20240901,2025,3,Cloud Services,57600.0,56778.18,6972.02,Operating Fund,2025-06-30
4,Information Technology,20241001,2025,4,Cloud Services,58320.0,63471.14,9628.41,Operating Fund,2025-06-30
4,Information Technology,20241101,2025,5,Cloud Services,59760.0,64084.67,7450.23,Operating Fund,2025-06-30
4,Information Technology,20241201,2025,6,Cloud Services,62640.0,65797.82,7823.94,Operating Fund,2025-06-30
4,Information Technology,20250101,2025,7,Cloud Services,56880.0,59613.36,8856.44,Operating Fund,2025-06-30
4,Information Technology,20250201,2025,8,Cloud Services,58320.0,60262.39,11530.58,Operating Fund,2025-06-30
4,Information Technology,20250301,2025,9,Cloud Services,60480.0,67651.5,11262.56,Operating Fund,2025-06-30
4,Information Technology,20250401,2025,10,Cloud Services,61920.0,70112.84,11840.41,Operating Fund,2025-06-30
4,Information Technology,20250501,2025,11,Cloud Services,64800.0,70170.29,7873.12,Operating Fund,2025-06-30
4,Information Technology,20250601,2025,12,Cloud Services,69840.0,72641.65,12997.96,Operating Fund,2025-06-30
5,College of Liberal Arts,20230701,2024,1,Personnel,509153.3,453016.85,19927.22,Academic Operating Fund,2025-06-30
5,College of Liberal Arts,20230801,2024,2,Personnel,536675.1,519320.22,47996.9,Academic Operating Fund,2025-06-30
5,College of Liberal Arts,20230901,2024,3,Personnel,550436.0,544024.25,16891.59,Academic Operating Fund,2025-06-30
5,College of Liberal Arts,20231001,2024,4,Personnel,557316.45,514857.78,25500.6,Academic Operating Fund,2025-06-30
5,College of Liberal Arts,20231101,2024,5,Personnel,571077.35,540771.03,50768.46,Academic Operating Fund,2025-06-30
5,College of Liberal Arts,20231201,2024,6,Personnel,598599.15,558883.29,38098.94,Academic Operating Fund,2025-06-30
5,College of Liberal Arts,20240101,2024,7,Personnel,543555.55,490432.18,36425.38,Academic Operating Fund,2025-06-30
5,College of Liberal Arts,20240201,2024,8,Personnel,557316.45,467111.06,47826.95,Academic Operating Fund,2025-06-30
5,College of Liberal Arts,20240301,2024,9,Personnel,577957.8,510367.6,38911.92,Academic Operating Fund,2025-06-30
5,College of Liberal Arts,20240401,2024,10,Personnel,591718.7,570019.14,34917.68,Academic Operating Fund,2025-06-30
5,College of Liberal Arts,20240501,2024,11,Personnel,619240.5,582265.13,24456.99,Academic Operating Fund,2025-06-30
5,College of Liberal Arts,20240601,2024,12,Personnel,667403.65,613347.71,16821.85,Academic Operating Fund,2025-06-30
5,College of Liberal Arts,20230701,2024,1,Instructional Supplies,131394.4,116082.62,11416.36,Academic Operating Fund,2025-06-30
5,College of Liberal Arts,20230801,2024,2,Instructional Supplies,138496.8,129201.67,6721.45,Academic Operating Fund,2025-06-30
5,College of Liberal Arts,20230901,2024,3,Instructional Supplies,142048.0,130464.8,4132.56,Academic Operating Fund,2025-06-30
5,College of Liberal Arts,20231001,2024,4,Instructional Supplies,143823.6,139328.15,6920.17,Academic Operating Fund,2025-06-30
5,College of Liberal Arts,20231101,2024,5,Instructional Supplies,147374.8,135986.13,12105.46,Academic Operating Fund,2025-06-30
5,College of Liberal Arts,20231201,2024,6,Instructional Supplies,154477.2,145160.21,7536.33,Academic Operating Fund,2025-06-30
5,College of Liberal Arts,20240101,2024,7,Instructional Supplies,140272.4,128619.27,4926.44,Academic Operating Fund,2025-06-30
5,College of Liberal Arts,20240201,2024,8,Instructional Supplies,143823.6,139841.95,7879.15,Academic Operating Fund,2025-06-30
5,College of Liberal Arts,20240301,2024,9,Instructional Supplies,149150.4,131231.17,5524.02,Academic Operating Fund,2025-06-30
5,College of Liberal Arts,20240401,2024,10,Instructional Supplies,152701.6,129659.49,11288.12,Academic Operating Fund,2025-06-30
5,College of Liberal Arts,20240501,2024,11,Instructional Supplies,159804.0,149506.54,14179.09,Academic Operating Fund,2025-06-30
5,College of Liberal Arts,20240601,2024,12,Instructional Supplies,172233.2,167348.0,14933.33,Academic Operating Fund,2025-06-30
5,College of Liberal Arts,20230701,2024,1,Travel,98545.8,89703.89,6467.72,Academic Operating Fund,2025-06-30
5,College of Liberal Arts,20230801,2024,2,Travel,103872.6,100636.58,3834.3,Academic Operating Fund,2025-06-30
5,College of Liberal Arts,20230901,2024,3,Travel,106536.0,101298.21,8886.54,Academic Operating Fund,2025-06-30
5,College of Liberal Arts,20231001,2024,4,Travel,107867.7,94175.19,8751.83,Academic Operating Fund,2025-06-30
5,College of Liberal Arts,20231101,2024,5,Travel,110531.1,101795.65,4989.46,Academic Operating Fund,2025-06-30
5,College of Liberal Arts,20231201,2024,6,Travel,115857.9,104846.55,7313.14,Academic Operating Fund,2025-06-30
5,College of Liberal Arts,20240101,2024,7,Travel,105204.3,97250.29,2885.66,Academic Operating Fund,2025-06-30
5,College of Liberal Arts,20240201,2024,8,Travel,107867.7,101448.53,9667.43,Academic Operating Fund,2025-06-30
5,College of Liberal Arts,20240301,2024,9,Travel,111862.8,105444.67,7954.65,Academic Operating Fund,2025-06-30
5,College of Liberal Arts,20240401,2024,10,Travel,114526.2,104412.61,9069.66,Academic Operating Fund,2025-06-30
5,College of Liberal Arts,20240501,2024,11,Travel,119853.0,112460.81,9457.14,Academic Operating Fund,2025-06-30
5,College of Liberal Arts,20240601,2024,12,Travel,129174.9,118349.51,6270.52,Academic Operating Fund,2025-06-30
5,College of Liberal Arts,20230701,2024,1,Student Support,82121.5,74841.76,2704.15,Academic Operating Fund,2025-06-30
5,College of Liberal Arts,20230801,2024,2,Student Support,86560.5,79154.14,3828.49,Academic Operating Fund,2025-06-30
5,College of Liberal Arts,20230901,2024,3,Student Support,88780.0,78148.95,2668.96,Academic Operating Fund,2025-06-30
5,College of Liberal Arts,20231001,2024,4,Student Support,89889.75,82309.38,4868.68,Academic Operating Fund,2025-06-30
5,College of Liberal Arts,20231101,2024,5,Student Support,92109.25,85225.07,5362.5,Academic Operating Fund,2025-06-30
5,College of Liberal Arts,20231201,2024,6,Student Support,96548.25,89638.71,3829.95,Academic Operating Fund,2025-06-30
5,College of Liberal Arts,20240101,2024,7,Student Support,87670.25,78037.11,2897.38,Academic Operating Fund,2025-06-30
5,College of Liberal Arts,20240201,2024,8,Student Support,89889.75,84830.16,5922.55,Academic Operating Fund,2025-06-30
5,College of Liberal Arts,20240301,2024,9,Student Support,93219.0,89778.07,2818.3,Academic Operating Fund,2025-06-30
5,College of Liberal Arts,20240401,2024,10,Student Support,95438.5,97378.4,6170.82,Academic Operating Fund,2025-06-30
5,College of Liberal Arts,20240501,2024,11,Student Support,99877.5,88081.32,8349.33,Academic Operating Fund,2025-06-30
5,College of Liberal Arts,20240601,2024,12,Student Support,107645.75,99095.69,4766.38,Academic Operating Fund,2025-06-30
5,College of Liberal Arts,20240701,2025,1,Personnel,527620.0,507782.66,45205.26,Academic Operating Fund,2025-06-30
5,College of Liberal Arts,20240801,2025,2,Personnel,556140.0,523968.15,12051.05,Academic Operating Fund,2025-06-30
5,College of Liberal Arts,20240901,2025,3,Personnel,570400.0,509534.06,15502.93,Academic Operating Fund,2025-06-30
5,College of Liberal Arts,20241001,2025,4,Personnel,577530.0,570920.06,14815.0,Academic Operating Fund,2025-06-30
5,College of Liberal Arts,20241101,2025,5,Personnel,591790.0,574722.39,17704.86,Academic Operating Fund,2025-06-30
5,College of Liberal Arts,20241201,2025,6,Personnel,620310.0,573161.01,12817.0,Academic Operating Fund,2025-06-30
5,College of Liberal Arts,20250101,2025,7,Personnel,563270.0,518103.2,29201.36,Academic Operating Fund,2025-06-30
5,College of Liberal Arts,20250201,2025,8,Personnel,577530.0,536014.66,36270.69,Academic Operating Fund,2025-06-30
5,College of Liberal Arts,20250301,2025,9,Personnel,598920.0,597508.29,41270.82,Academic Operating Fund,2025-06-30
5,College of Liberal Arts,20250401,2025,10,Personnel,613180.0,561889.25,26933.56,Academic Operating Fund,2025-06-30
5,College of Liberal Arts,20250501,2025,11,Personnel,641700.0,597110.96,37235.32,Academic Operating Fund,2025-06-30
5,College of Liberal Arts,20250601,2025,12,Personnel,691610.0,702785.31,43093.73,Academic Operating Fund,2025-06-30
5,College of Liberal Arts,20240701,2025,1,Instructional Supplies,136160.0,127040.56,6074.91,Academic Operating Fund,2025-06-30
5,College of Liberal Arts,20240801,2025,2,Instructional Supplies,143520.0,139016.1,5107.1,Academic Operating Fund,2025-06-30
5,College of Liberal Arts,20240901,2025,3,Instructional Supplies,147200.0,147515.51,6419.23,Academic Operating Fund,2025-06-30
5,College of Liberal Arts,20241001,2025,4,Instructional Supplies,149040.0,132506.26,10075.21,Academic Operating Fund,2025-06-30
5,College of Liberal Arts,20241101,2025,5,Instructional Supplies,152720.0,140171.36,9113.17,Academic Operating Fund,2025-06-30
5,College of Liberal Arts,20241201,2025,6,Instructional Supplies,160080.0,153799.88,13880.13,Academic Operating Fund,2025-06-30
5,College of Liberal Arts,20250101,2025,7,Instructional Supplies,145360.0,143788.39,8551.41,Academic Operating Fund,2025-06-30
5,College of Liberal Arts,20250201,2025,8,Instructional Supplies,149040.0,135474.54,11659.24,Academic Operating Fund,2025-06-30
5,College of Liberal Arts,20250301,2025,9,Instructional Supplies,154560.0,149398.42,6446.34,Academic Operating Fund,2025-06-30
5,College of Liberal Arts,20250401,2025,10,Instructional Supplies,158240.0,151668.5,7196.35,Academic Operating Fund,2025-06-30
5,College of Liberal Arts,20250501,2025,11,Instructional Supplies,165600.0,163758.54,7932.76,Academic Operating Fund,2025-06-30
5,College of Liberal Arts,20250601,2025,12,Instructional Supplies,178480.0,163861.95,9972.0,Academic Operating Fund,2025-06-30
5,College of Liberal Arts,20240701,2025,1,Travel,102120.0,94878.29,2511.61,Academic Operating Fund,2025-06-30
5,College of Liberal Arts,20240801,2025,2,Travel,107640.0,99256.68,6866.18,Academic Operating Fund,2025-06-30
5,College of Liberal Arts,20240901,2025,3,Travel,110400.0,108572.92,2636.85,Academic Operating Fund,2025-06-30
5,College of Liberal Arts,20241001,2025,4,Travel,111780.0,107856.17,8205.86,Academic Operating Fund,2025-06-30
5,College of Liberal Arts,20241101,2025,5,Travel,114540.0,108885.65,7785.38,Academic Operating Fund,2025-06-30
5,College of Liberal Arts,20241201,2025,6,Travel,120060.0,110327.51,4323.7,Academic Operating Fund,2025-06-30
5,College of Liberal Arts,20250101,2025,7,Travel,109020.0,97517.2,2228.24,Academic Operating Fund,2025-06-30
5,College of Liberal Arts,20250201,2025,8,Travel,111780.0,105008.77,6690.54,Academic Operating Fund,2025-06-30
5,College of Liberal Arts,20250301,2025,9,Travel,115920.0,114711.31,9418.98,Academic Operating Fund,2025-06-30
5,College of Liberal Arts,20250401,2025,10,Travel,118680.0,119157.86,9432.35,Academic Operating Fund,2025-06-30
5,College of Liberal Arts,20250501,2025,11,Travel,124200.0,118082.48,3713.83,Academic Operating Fund,2025-06-30
5,College of Liberal Arts,20250601,2025,12,Travel,133860.0,126745.16,5339.97,Academic Operating Fund,2025-06-30
5,College of Liberal Arts,20240701,2025,1,Student Support,85100.0,84180.05,5626.01,Academic Operating Fund,2025-06-30
5,College of Liberal Arts,20240801,2025,2,Student Support,89700.0,82957.05,7699.25,Academic Operating Fund,2025-06-30
5,College of Liberal Arts,20240901,2025,3,Student Support,92000.0,88056.69,5857.46,Academic Operating Fund,2025-06-30
5,College of Liberal Arts,20241001,2025,4,Student Support,93150.0,85930.89,8276.25,Academic Operating Fund,2025-06-30
5,College of Liberal Arts,20241101,2025,5,Student Support,95450.0,91856.9,2786.16,Academic Operating Fund,2025-06-30
5,College of Liberal Arts,20241201,2025,6,Student Support,100050.0,89829.29,7743.65,Academic Operating Fund,2025-06-30
5,College of Liberal Arts,20250101,2025,7,Student Support,90850.0,86080.44,6114.65,Academic Operating Fund,2025-06-30
5,College of Liberal Arts,20250201,2025,8,Student Support,93150.0,87073.3,4632.24,Academic Operating Fund,2025-06-30
5,College of Liberal Arts,20250301,2025,9,Student Support,96600.0,95948.14,6971.71,Academic Operating Fund,2025-06-30
5,College of Liberal Arts,20250401,2025,10,Student Support,98900.0,90378.53,7385.37,Academic Operating Fund,2025-06-30
5,College of Liberal Arts,20250501,2025,11,Student Support,103500.0,97478.04,7849.4,Academic Operating Fund,2025-06-30
5,College of Liberal Arts,20250601,2025,12,Student Support,111550.0,112730.69,7280.57,Academic Operating Fund,2025-06-30
6,College of Engineering,20230701,2024,1,Personnel,584419.44,528633.66,21697.47,Academic Operating Fund,2025-06-30
6,College of Engineering,20230801,2024,2,Personnel,616009.68,617277.78,53399.75,Academic Operating Fund,2025-06-30
6,College of Engineering,20230901,2024,3,Personnel,631804.8,615446.79,21324.94,Academic Operating Fund,2025-06-30
6,College of Engineering,20231001,2024,4,Personnel,639702.36,564991.48,20394.36,Academic Operating Fund,2025-06-30
6,College of Engineering,20231101,2024,5,Personnel,655497.48,608047.66,56530.47,Academic Operating Fund,2025-06-30
6,College of Engineering,20231201,2024,6,Personnel,687087.72,645795.21,47096.81,Academic Operating Fund,2025-06-30
6,College of Engineering,20240101,2024,7,Personnel,623907.24,603537.7,42042.65,Academic Operating Fund,2025-06-30
6,College of Engineering,20240201,2024,8,Personnel,639702.36,615455.56,44305.96,Academic Operating Fund,2025-06-30
6,College of Engineering,20240301,2024,9,Personnel,663395.04,621652.51,49366.05,Academic Operating Fund,2025-06-30
6,College of Engineering,20240401,2024,10,Personnel,679190.16,636463.54,39222.79,Academic Operating Fund,2025-06-30
6,College of Engineering,20240501,2024,11,Personnel,710780.4,689003.39,55835.82,Academic Operating Fund,2025-06-30
6,College of Engineering,20240601,2024,12,Personnel,766063.32,716888.92,63593.22,Academic Operating Fund,2025-06-30
6,College of Engineering,20230701,2024,1,Lab Equipment,150817.92,134741.19,12164.43,Academic Operating Fund,2025-06-30
6,College of Engineering,20230801,2024,2,Lab Equipment,158970.24,149743.83,4378.74,Academic Operating Fund,2025-06-30
6,College of Engineering,20230901,2024,3,Lab Equipment,163046.4,155065.72,5752.51,Academic Operating Fund,2025-06-30
6,College of Engineering,20231001,2024,4,Lab Equipment,165084.48,159057.75,11862.26,Academic Operating Fund,2025-06-30
6,College of Engineering,20231101,2024,5,Lab Equipment,169160.64,159153.46,3569.09,Academic Operating Fund,2025-06-30
6,College of Engineering,20231201,2024,6,Lab Equipment,177312.96,159646.81,8100.16,Academic Operating Fund,2025-06-30
6,College of Engineering,20240101,2024,7,Lab Equipment,161008.32,158636.66,3991.73,Academic Operating Fund,2025-06-30
6,College of Engineering,20240201,2024,8,Lab Equipment,165084.48,153027.27,13150.29,Academic Operating Fund,2025-06-30
6,College of Engineering,20240301,2024,9,Lab Equipment,171198.72,157879.93,4572.8,Academic Operating Fund,2025-06-30
6,College of Engineering,20240401,2024,10,Lab Equipment,175274.88,168012.1,6857.02,Academic Operating Fund,2025-06-30
6,College of Engineering,20240501,2024,11,Lab Equipment,183427.2,176413.36,3999.54,Academic Operating Fund,2025-06-30
6,College of Engineering,20240601,2024,12,Lab Equipment,197693.76,194607.53,7652.5,Academic Operating Fund,2025-06-30
6,College of Engineering,20230701,2024,1,Research Support,113113.44,106354.31,4949.84,Academic Operating Fund,2025-06-30
6,College of Engineering,20230801,2024,2,Research Support,119227.68,114649.38,3347.24,Academic Operating Fund,2025-06-30
6,College of Engineering,20230901,2024,3,Research Support,122284.8,109545.83,10316.22,Academic Operating Fund,2025-06-30
6,College of Engineering,20231001,2024,4,Research Support,123813.36,120464.38,6022.79,Academic Operating Fund,2025-06-30
6,College of Engineering,20231101,2024,5,Research Support,126870.48,123928.74,3094.22,Academic Operating Fund,2025-06-30
6,College of Engineering,20231201,2024,6,Research Support,132984.72,118511.24,4529.27,Academic Operating Fund,2025-06-30
6,College of Engineering,20240101,2024,7,Research Support,120756.24,119560.7,8254.02,Academic Operating Fund,2025-06-30
6,College of Engineering,20240201,2024,8,Research Support,123813.36,109863.39,2811.74,Academic Operating Fund,2025-06-30
6,College of Engineering,20240301,2024,9,Research Support,128399.04,121118.35,10364.28,Academic Operating Fund,2025-06-30
6,College of Engineering,20240401,2024,10,Research Support,131456.16,128556.29,6251.72,Academic Operating Fund,2025-06-30
6,College of Engineering,20240501,2024,11,Research Support,137570.4,136903.95,6910.13,Academic Operating Fund,2025-06-30
6,College of Engineering,20240601,2024,12,Research Support,148270.32,135032.63,3051.92,Academic Operating Fund,2025-06-30
6,College of Engineering,20230701,2024,1,Travel,94261.2,91437.46,6848.85,Academic Operating Fund,2025-06-30
6,College of Engineering,20230801,2024,2,Travel,99356.4,93680.7,5351.97,Academic Operating Fund,2025-06-30
6,College of Engineering,20230901,2024,3,Travel,101904.0,100072.28,4887.27,Academic Operating Fund,2025-06-30
6,College of Engineering,20231001,2024,4,Travel,103177.8,93697.04,5473.81,Academic Operating Fund,2025-06-30
6,College of Engineering,20231101,2024,5,Travel,105725.4,102078.69,5831.91,Academic Operating Fund,2025-06-30
6,College of Engineering,20231201,2024,6,Travel,110820.6,105110.56,2628.35,Academic Operating Fund,2025-06-30
6,College of Engineering,20240101,2024,7,Travel,100630.2,92061.16,7823.83,Academic Operating Fund,2025-06-30
6,College of Engineering,20240201,2024,8,Travel,103177.8,91165.94,6230.69,Academic Operating Fund,2025-06-30
6,College of Engineering,20240301,2024,9,Travel,106999.2,103523.47,5445.16,Academic Operating Fund,2025-06-30
6,College of Engineering,20240401,2024,10,Travel,109546.8,105564.58,5858.79,Academic Operating Fund,2025-06-30
6,College of Engineering,20240501,2024,11,Travel,114642.0,105982.26,6276.48,Academic Operating Fund,2025-06-30
6,College of Engineering,20240601,2024,12,Travel,123558.6,119366.86,3333.7,Academic Operating Fund,2025-06-30
6,College of Engineering,20240701,2025,1,Personnel,605616.0,599421.7,48037.83,Academic Operating Fund,2025-06-30
6,College of Engineering,20240801,2025,2,Personnel,638352.0,616442.64,30584.3,Academic Operating Fund,2025-06-30
6,College of Engineering,20240901,2025,3,Personnel,654720.0,669345.66,53374.95,Academic Operating Fund,2025-06-30
6,College of Engineering,20241001,2025,4,Personnel,662904.0,676590.36,15500.23,Academic Operating Fund,2025-06-30
6,College of Engineering,20241101,2025,5,Personnel,679272.0,666567.89,45251.98,Academic Operating Fund,2025-06-30
6,College of Engineering,20241201,2025,6,Personnel,712008.0,641044.76,33003.25,Academic Operating Fund,2025-06-30
6,College of Engineering,20250101,2025,7,Personnel,646536.0,635238.78,29546.55,Academic Operating Fund,2025-06-30
6,College of Engineering,20250201,2025,8,Personnel,662904.0,644221.02,57951.39,Academic Operating Fund,2025-06-30
6,College of Engineering,20250301,2025,9,Personnel,687456.0,624252.98,61478.56,Academic Operating Fund,2025-06-30
6,College of Engineering,20250401,2025,10,Personnel,703824.0,688714.68,29463.91,Academic Operating Fund,2025-06-30
6,College of Engineering,20250501,2025,11,Personnel,736560.0,730833.78,44534.22,Academic Operating Fund,2025-06-30
6,College of Engineering,20250601,2025,12,Personnel,793848.0,745805.76,38775.16,Academic Operating Fund,2025-06-30
6,College of Engineering,20240701,2025,1,Lab Equipment,156288.0,141453.11,4530.37,Academic Operating Fund,2025-06-30
6,College of Engineering,20240801,2025,2,Lab Equipment,164736.0,154277.03,5423.81,Academic Operating Fund,2025-06-30
6,College of Engineering,20240901,2025,3,Lab Equipment,168960.0,164465.94,5021.03,Academic Operating Fund,2025-06-30
6,College of Engineering,20241001,2025,4,Lab Equipment,171072.0,159747.21,3603.19,Academic Operating Fund,2025-06-30
6,College of Engineering,20241101,2025,5,Lab Equipment,175296.0,165549.99,15615.72,Academic Operating Fund,2025-06-30
6,College of Engineering,20241201,2025,6,Lab Equipment,183744.0,179232.94,12840.78,Academic Operating Fund,2025-06-30
6,College of Engineering,20250101,2025,7,Lab Equipment,166848.0,160001.35,14610.2,Academic Operating Fund,2025-06-30
6,College of Engineering,20250201,2025,8,Lab Equipment,171072.0,169127.3,13936.37,Academic Operating Fund,2025-06-30
6,College of Engineering,20250301,2025,9,Lab Equipment,177408.0,176859.46,14774.14,Academic Operating Fund,2025-06-30
6,College of Engineering,20250401,2025,10,Lab Equipment,181632.0,189166.33,15857.97,Academic Operating Fund,2025-06-30
6,College of Engineering,20250501,2025,11,Lab Equipment,190080.0,183784.89,15969.9,Academic Operating Fund,2025-06-30
6,College of Engineering,20250601,2025,12,Lab Equipment,204864.0,204974.45,13967.78,Academic Operating Fund,2025-06-30
6,College of Engineering,20240701,2025,1,Research Support,117216.0,111490.25,3315.55,Academic Operating Fund,2025-06-30
6,College of Engineering,20240801,2025,2,Research Support,123552.0,125630.31,6993.42,Academic Operating Fund,2025-06-30
6,College of Engineering,20240901,2025,3,Research Support,126720.0,127099.1,3330.79,Academic Operating Fund,2025-06-30
6,College of Engineering,20241001,2025,4,Research Support,128304.0,129813.85,2910.25,Academic Operating Fund,2025-06-30
6,College of Engineering,20241101,2025,5,Research Support,131472.0,125282.65,11533.56,Academic Operating Fund,2025-06-30
6,College of Engineering,20241201,2025,6,Research Support,137808.0,135998.98,11826.2,Academic Operating Fund,2025-06-30
6,College of Engineering,20250101,2025,7,Research Support,125136.0,118646.95,2504.86,Academic Operating Fund,2025-06-30
6,College of Engineering,20250201,2025,8,Research Support,128304.0,122663.92,4506.06,Academic Operating Fund,2025-06-30
6,College of Engineering,20250301,2025,9,Research Support,133056.0,128285.47,4931.07,Academic Operating Fund,2025-06-30
6,College of Engineering,20250401,2025,10,Research Support,136224.0,126063.76,5020.29,Academic Operating Fund,2025-06-30
6,College of Engineering,20250501,2025,11,Research Support,142560.0,139918.38,4604.37,Academic Operating Fund,2025-06-30
6,College of Engineering,20250601,2025,12,Research Support,153648.0,145586.37,9777.16,Academic Operating Fund,2025-06-30
6,College of Engineering,20240701,2025,1,Travel,97680.0,96392.97,4157.43,Academic Operating Fund,2025-06-30
6,College of Engineering,20240801,2025,2,Travel,102960.0,106201.7,5302.54,Academic Operating Fund,2025-06-30
6,College of Engineering,20240901,2025,3,Travel,105600.0,99871.49,5967.1,Academic Operating Fund,2025-06-30
6,College of Engineering,20241001,2025,4,Travel,106920.0,98690.59,7374.67,Academic Operating Fund,2025-06-30
6,College of Engineering,20241101,2025,5,Travel,109560.0,105428.97,5067.82,Academic Operating Fund,2025-06-30
6,College of Engineering,20241201,2025,6,Travel,114840.0,108987.65,8868.57,Academic Operating Fund,2025-06-30
6,College of Engineering,20250101,2025,7,Travel,104280.0,99914.33,4690.94,Academic Operating Fund,2025-06-30
6,College of Engineering,20250201,2025,8,Travel,106920.0,103771.54,6934.52,Academic Operating Fund,2025-06-30
6,College of Engineering,20250301,2025,9,Travel,110880.0,104873.67,5064.84,Academic Operating Fund,2025-06-30
6,College of Engineering,20250401,2025,10,Travel,113520.0,116323.92,8819.35,Academic Operating Fund,2025-06-30
6,College of Engineering,20250501,2025,11,Travel,118800.0,113547.93,10204.16,Academic Operating Fund,2025-06-30
6,College of Engineering,20250601,2025,12,Travel,128040.0,126395.26,8087.85,Academic Operating Fund,2025-06-30
7,Student Affairs,20230701,2024,1,Personnel,239080.68,231496.13,7509.61,Operating Fund,2025-06-30
7,Student Affairs,20230801,2024,2,Personnel,252003.96,236350.8,15531.47,Operating Fund,2025-06-30
7,Student Affairs,20230901,2024,3,Personnel,258465.6,253505.21,15063.9,Operating Fund,2025-06-30
7,Student Affairs,20231001,2024,4,Personnel,261696.42,242713.38,10131.82,Operating Fund,2025-06-30
7,Student Affairs,20231101,2024,5,Personnel,268158.06,265885.08,15027.83,Operating Fund,2025-06-30
7,Student Affairs,20231201,2024,6,Personnel,281081.34,274470.95,10649.9,Operating Fund,2025-06-30
7,Student Affairs,20240101,2024,7,Personnel,255234.78,251906.05,22828.1,Operating Fund,2025-06-30
7,Student Affairs,20240201,2024,8,Personnel,261696.42,247550.61,17874.04,Operating Fund,2025-06-30
7,Student Affairs,20240301,2024,9,Personnel,271388.88,260026.29,24358.19,Operating Fund,2025-06-30
7,Student Affairs,20240401,2024,10,Personnel,277850.52,261219.4,8611.85,Operating Fund,2025-06-30
7,Student Affairs,20240501,2024,11,Personnel,290773.8,258657.87,24460.18,Operating Fund,2025-06-30
7,Student Affairs,20240601,2024,12,Personnel,313389.54,301651.32,9957.71,Operating Fund,2025-06-30
7,Student Affairs,20230701,2024,1,Student Programming,61698.24,59125.96,2016.01,Operating Fund,2025-06-30
7,Student Affairs,20230801,2024,2,Student Programming,65033.28,62210.53,4875.43,Operating Fund,2025-06-30
7,Student Affairs,20230901,2024,3,Student Programming,66700.8,59504.62,5791.08,Operating Fund,2025-06-30
7,Student Affairs,20231001,2024,4,Student Programming,67534.56,66782.06,3854.62,Operating Fund,2025-06-30
7,Student Affairs,20231101,2024,5,Student Programming,69202.08,64756.9,5573.94,Operating Fund,2025-06-30
7,Student Affairs,20231201,2024,6,Student Programming,72537.12,70228.08,1658.81,Operating Fund,2025-06-30
7,Student Affairs,20240101,2024,7,Student Programming,65867.04,63382.81,4040.78,Operating Fund,2025-06-30
7,Student Affairs,20240201,2024,8,Student Programming,67534.56,62454.3,1464.66,Operating Fund,2025-06-30
7,Student Affairs,20240301,2024,9,Student Programming,70035.84,66592.35,4825.05,Operating Fund,2025-06-30
7,Student Affairs,20240401,2024,10,Student Programming,71703.36,71757.03,3217.82,Operating Fund,2025-06-30
7,Student Affairs,20240501,2024,11,Student Programming,75038.4,71615.32,6242.64,Operating Fund,2025-06-30
7,Student Affairs,20240601,2024,12,Student Programming,80874.72,77830.84,3381.86,Operating Fund,2025-06-30
7,Student Affairs,20230701,2024,1,Counseling Services,46273.68,42984.97,2274.26,Operating Fund,2025-06-30
7,Student Affairs,20230801,2024,2,Counseling Services,48774.96,47248.87,2437.92,Operating Fund,2025-06-30
7,Student Affairs,20230901,2024,3,Counseling Services,50025.6,49158.84,1944.2,Operating Fund,2025-06-30
7,Student Affairs,20231001,2024,4,Counseling Services,50650.92,49443.43,1753.61,Operating Fund,2025-06-30
7,Student Affairs,20231101,2024,5,Counseling Services,51901.56,47978.44,3830.25,Operating Fund,2025-06-30
7,Student Affairs,20231201,2024,6,Counseling Services,54402.84,55666.66,4848.25,Operating Fund,2025-06-30
7,Student Affairs,20240101,2024,7,Counseling Services,49400.28,43664.03,1176.36,Operating Fund,2025-06-30
7,Student Affairs,20240201,2024,8,Counseling Services,50650.92,48145.1,3204.73,Operating Fund,2025-06-30
7,Student Affairs,20240301,2024,9,Counseling Services,52526.88,49296.12,1236.77,Operating Fund,2025-06-30
7,Student Affairs,20240401,2024,10,Counseling Services,53777.52,50909.51,1759.55,Operating Fund,2025-06-30
7,Student Affairs,20240501,2024,11,Counseling Services,56278.8,56835.18,2204.23,Operating Fund,2025-06-30
7,Student Affairs,20240601,2024,12,Counseling Services,60656.04,55849.46,3860.69,Operating Fund,2025-06-30
7,Student Affairs,20230701,2024,1,Athletics Support,38561.4,37678.41,2667.57,Operating Fund,2025-06-30
7,Student Affairs,20230801,2024,2,Athletics Support,40645.8,37836.77,3608.6,Operating Fund,2025-06-30
7,Student Affairs,20230901,2024,3,Athletics Support,41688.0,38490.77,1147.54,Operating Fund,2025-06-30
7,Student Affairs,20231001,2024,4,Athletics Support,42209.1,41544.45,2874.85,Operating Fund,2025-06-30
7,Student Affairs,20231101,2024,5,Athletics Support,43251.3,41600.98,1731.78,Operating Fund,2025-06-30
7,Student Affairs,20231201,2024,6,Athletics Support,45335.7,41034.6,2744.58,Operating Fund,2025-06-30
7,Student Affairs,20240101,2024,7,Athletics Support,41166.9,40513.13,1439.82,Operating Fund,2025-06-30
7,Student Affairs,20240201,2024,8,Athletics Support,42209.1,39643.73,2681.54,Operating Fund,2025-06-30
7,Student Affairs,20240301,2024,9,Athletics Support,43772.4,42380.27,1084.2,Operating Fund,2025-06-30
7,Student Affairs,20240401,2024,10,Athletics Support,44814.6,43898.77,1505.82,Operating Fund,2025-06-30
7,Student Affairs,20240501,2024,11,Athletics Support,46899.0,44624.21,2321.51,Operating Fund,2025-06-30
7,Student Affairs,20240601,2024,12,Athletics Support,50546.7,48404.4,4018.0,Operating Fund,2025-06-30
7,Student Affairs,20240701,2025,1,Personnel,247752.0,230273.58,12870.93,Operating Fund,2025-06-30
7,Student Affairs,20240801,2025,2,Personnel,261144.0,256213.18,14191.06,Operating Fund,2025-06-30
7,Student Affairs,20240901,2025,3,Personnel,267840.0,252163.1,10887.16,Operating Fund,2025-06-30
7,Student Affairs,20241001,2025,4,Personnel,271188.0,253080.85,15548.41,Operating Fund,2025-06-30
7,Student Affairs,20241101,2025,5,Personnel,277884.0,287755.12,15257.3,Operating Fund,2025-06-30
7,Student Affairs,20241201,2025,6,Personnel,291276.0,285463.83,23112.57,Operating Fund,2025-06-30
7,Student Affairs,20250101,2025,7,Personnel,264492.0,266189.79,17110.95,Operating Fund,2025-06-30
7,Student Affairs,20250201,2025,8,Personnel,271188.0,253810.59,21654.53,Operating Fund,2025-06-30
7,Student Affairs,20250301,2025,9,Personnel,281232.0,300861.02,17775.24,Operating Fund,2025-06-30
7,Student Affairs,20250401,2025,10,Personnel,287928.0,284530.31,12179.18,Operating Fund,2025-06-30
7,Student Affairs,20250501,2025,11,Personnel,301320.0,304101.66,13062.39,Operating Fund,2025-06-30
7,Student Affairs,20250601,2025,12,Personnel,324756.0,306596.98,14145.16,Operating Fund,2025-06-30
7,Student Affairs,20240701,2025,1,Student Programming,63936.0,60548.79,5588.24,Operating Fund,2025-06-30
7,Student Affairs,20240801,2025,2,Student Programming,67392.0,68178.61,5023.51,Operating Fund,2025-06-30
7,Student Affairs,20240901,2025,3,Student Programming,69120.0,68426.93,2501.66,Operating Fund,2025-06-30
7,Student Affairs,20241001,2025,4,Student Programming,69984.0,66355.89,6298.49,Operating Fund,2025-06-30
7,Student Affairs,20241101,2025,5,Student Programming,71712.0,73873.39,5625.97,Operating Fund,2025-06-30
7,Student Affairs,20241201,2025,6,Student Programming,75168.0,71130.97,2697.44,Operating Fund,2025-06-30
7,Student Affairs,20250101,2025,7,Student Programming,68256.0,69846.93,4231.55,Operating Fund,2025-06-30
7,Student Affairs,20250201,2025,8,Student Programming,69984.0,71198.1,3535.12,Operating Fund,2025-06-30
7,Student Affairs,20250301,2025,9,Student Programming,72576.0,70223.53,6021.27,Operating Fund,2025-06-30
7,Student Affairs,20250401,2025,10,Student Programming,74304.0,72266.82,6631.44,Operating Fund,2025-06-30
7,Student Affairs,20250501,2025,11,Student Programming,77760.0,74991.16,5032.75,Operating Fund,2025-06-30
7,Student Affairs,20250601,2025,12,Student Programming,83808.0,79678.85,4400.5,Operating Fund,2025-06-30
7,Student Affairs,20240701,2025,1,Counseling Services,47952.0,46240.32,1267.8,Operating Fund,2025-06-30
7,Student Affairs,20240801,2025,2,Counseling Services,50544.0,49552.57,2116.71,Operating Fund,2025-06-30
7,Student Affairs,20240901,2025,3,Counseling Services,51840.0,50225.0,1700.51,Operating Fund,2025-06-30
7,Student Affairs,20241001,2025,4,Counseling Services,52488.0,50751.25,3832.9,Operating Fund,2025-06-30
7,Student Affairs,20241101,2025,5,Counseling Services,53784.0,53412.59,1952.35,Operating Fund,2025-06-30
7,Student Affairs,20241201,2025,6,Counseling Services,56376.0,56768.02,4142.95,Operating Fund,2025-06-30
7,Student Affairs,20250101,2025,7,Counseling Services,51192.0,50551.34,4125.41,Operating Fund,2025-06-30
7,Student Affairs,20250201,2025,8,Counseling Services,52488.0,48850.09,4416.71,Operating Fund,2025-06-30
7,Student Affairs,20250301,2025,9,Counseling Services,54432.0,52969.13,3112.98,Operating Fund,2025-06-30
7,Student Affairs,20250401,2025,10,Counseling Services,55728.0,56054.45,4607.7,Operating Fund,2025-06-30
7,Student Affairs,20250501,2025,11,Counseling Services,58320.0,56798.36,3238.22,Operating Fund,2025-06-30
7,Student Affairs,20250601,2025,12,Counseling Services,62856.0,62866.86,1864.27,Operating Fund,2025-06-30
7,Student Affairs,20240701,2025,1,Athletics Support,39960.0,39583.4,854.34,Operating Fund,2025-06-30
7,Student Affairs,20240801,2025,2,Athletics Support,42120.0,44494.38,3559.96,Operating Fund,2025-06-30
7,Student Affairs,20240901,2025,3,Athletics Support,43200.0,41144.95,1909.96,Operating Fund,2025-06-30
7,Student Affairs,20241001,2025,4,Athletics Support,43740.0,40890.2,2105.55,Operating Fund,2025-06-30
7,Student Affairs,20241101,2025,5,Athletics Support,44820.0,42537.3,3605.37,Operating Fund,2025-06-30
7,Student Affairs,20241201,2025,6,Athletics Support,46980.0,47915.78,3208.91,Operating Fund,2025-06-30
7,Student Affairs,20250101,2025,7,Athletics Support,42660.0,42511.34,1863.28,Operating Fund,2025-06-30
7,Student Affairs,20250201,2025,8,Athletics Support,43740.0,41448.99,1957.4,Operating Fund,2025-06-30
7,Student Affairs,20250301,2025,9,Athletics Support,45360.0,42914.78,1753.43,Operating Fund,2025-06-30
7,Student Affairs,20250401,2025,10,Athletics Support,46440.0,45081.08,3933.42,Operating Fund,2025-06-30
7,Student Affairs,20250501,2025,11,Athletics Support,48600.0,47527.65,4361.42,Operating Fund,2025-06-30
7,Student Affairs,20250601,2025,12,Athletics Support,52380.0,53150.15,3971.15,Operating Fund,2025-06-30
8,Research Administration,20230701,2024,1,Personnel,203661.32,180698.99,8035.88,Operating Fund,2025-06-30
8,Research Administration,20230801,2024,2,Personnel,214670.04,193412.84,13665.43,Operating Fund,2025-06-30
8,Research Administration,20230901,2024,3,Personnel,220174.4,202145.15,12844.97,Operating Fund,2025-06-30
8,Research Administration,20231001,2024,4,Personnel,222926.58,204955.93,9310.23,Operating Fund,2025-06-30
8,Research Administration,20231101,2024,5,Personnel,228430.94,201470.19,6797.59,Operating Fund,2025-06-30
8,Research Administration,20231201,2024,6,Personnel,239439.66,212711.25,14490.79,Operating Fund,2025-06-30
8,Research Administration,20240101,2024,7,Personnel,217422.22,189313.81,8425.84,Operating Fund,2025-06-30
8,Research Administration,20240201,2024,8,Personnel,222926.58,195202.64,13229.08,Operating Fund,2025-06-30
8,Research Administration,20240301,2024,9,Personnel,231183.12,217692.0,15292.86,Operating Fund,2025-06-30
8,Research Administration,20240401,2024,10,Personnel,236687.48,203221.98,4851.92,Operating Fund,2025-06-30
8,Research Administration,20240501,2024,11,Personnel,247696.2,220404.95,15863.92,Operating Fund,2025-06-30
8,Research Administration,20240601,2024,12,Personnel,266961.46,241971.37,8756.72,Operating Fund,2025-06-30
8,Research Administration,20230701,2024,1,Compliance,52557.76,47775.91,1156.22,Operating Fund,2025-06-30
8,Research Administration,20230801,2024,2,Compliance,55398.72,47038.79,3920.18,Operating Fund,2025-06-30
8,Research Administration,20230901,2024,3,Compliance,56819.2,49547.4,2112.88,Operating Fund,2025-06-30
8,Research Administration,20231001,2024,4,Compliance,57529.44,52491.81,2707.54,Operating Fund,2025-06-30
8,Research Administration,20231101,2024,5,Compliance,58949.92,54324.48,2903.65,Operating Fund,2025-06-30
8,Research Administration,20231201,2024,6,Compliance,61790.88,55707.78,5360.3,Operating Fund,2025-06-30
8,Research Administration,20240101,2024,7,Compliance,56108.96,51767.53,2362.22,Operating Fund,2025-06-30
8,Research Administration,20240201,2024,8,Compliance,57529.44,50720.52,2196.49,Operating Fund,2025-06-30
8,Research Administration,20240301,2024,9,Compliance,59660.16,51755.31,3349.53,Operating Fund,2025-06-30
8,Research Administration,20240401,2024,10,Compliance,61080.64,57228.89,2153.1,Operating Fund,2025-06-30
8,Research Administration,20240501,2024,11,Compliance,63921.6,55798.27,5505.17,Operating Fund,2025-06-30
8,Research Administration,20240601,2024,12,Compliance,68893.28,61508.12,1918.36,Operating Fund,2025-06-30
8,Research Administration,20230701,2024,1,Grant Systems,39418.32,37716.8,1686.05,Operating Fund,2025-06-30
8,Research Administration,20230801,2024,2,Grant Systems,41549.04,35735.49,2928.37,Operating Fund,2025-06-30
8,Research Administration,20230901,2024,3,Grant Systems,42614.4,40940.42,3453.58,Operating Fund,2025-06-30
8,Research Administration,20231001,2024,4,Grant Systems,43147.08,35672.29,934.8,Operating Fund,2025-06-30
8,Research Administration,20231101,2024,5,Grant Systems,44212.44,40583.88,891.77,Operating Fund,2025-06-30
8,Research Administration,20231201,2024,6,Grant Systems,46343.16,41670.9,3585.46,Operating Fund,2025-06-30
8,Research Administration,20240101,2024,7,Grant Systems,42081.72,38501.89,2432.19,Operating Fund,2025-06-30
8,Research Administration,20240201,2024,8,Grant Systems,43147.08,39396.32,3132.57,Operating Fund,2025-06-30
8,Research Administration,20240301,2024,9,Grant Systems,44745.12,38525.14,3252.21,Operating Fund,2025-06-30
8,Research Administration,20240401,2024,10,Grant Systems,45810.48,41873.18,1356.09,Operating Fund,2025-06-30
8,Research Administration,20240501,2024,11,Grant Systems,47941.2,40540.4,2274.93,Operating Fund,2025-06-30
8,Research Administration,20240601,2024,12,Grant Systems,51669.96,45591.89,2717.66,Operating Fund,2025-06-30
8,Research Administration,20230701,2024,1,Training,32848.6,29398.74,880.61,Operating Fund,2025-06-30
8,Research Administration,20230801,2024,2,Training,34624.2,30371.59,955.19,Operating Fund,2025-06-30
8,Research Administration,20230901,2024,3,Training,35512.0,31866.2,1027.96,Operating Fund,2025-06-30
8,Research Administration,20231001,2024,4,Training,35955.9,34317.48,2450.12,Operating Fund,2025-06-30
8,Research Administration,20231101,2024,5,Training,36843.7,33417.09,2543.5,Operating Fund,2025-06-30
8,Research Administration,20231201,2024,6,Training,38619.3,34333.2,1109.58,Operating Fund,2025-06-30
8,Research Administration,20240101,2024,7,Training,35068.1,32020.48,953.55,Operating Fund,2025-06-30
8,Research Administration,20240201,2024,8,Training,35955.9,33560.26,1145.71,Operating Fund,2025-06-30
8,Research Administration,20240301,2024,9,Training,37287.6,31137.86,852.19,Operating Fund,2025-06-30
8,Research Administration,20240401,2024,10,Training,38175.4,33125.66,1721.48,Operating Fund,2025-06-30
8,Research Administration,20240501,2024,11,Training,39951.0,35768.74,1633.76,Operating Fund,2025-06-30
8,Research Administration,20240601,2024,12,Training,43058.3,37973.19,1964.89,Operating Fund,2025-06-30
8,Research Administration,20240701,2025,1,Personnel,211048.0,202645.14,11149.54,Operating Fund,2025-06-30
8,Research Administration,20240801,2025,2,Personnel,222456.0,209246.27,13158.09,Operating Fund,2025-06-30
8,Research Administration,20240901,2025,3,Personnel,228160.0,212579.77,14132.83,Operating Fund,2025-06-30
8,Research Administration,20241001,2025,4,Personnel,231012.0,208616.7,10971.96,Operating Fund,2025-06-30
8,Research Administration,20241101,2025,5,Personnel,236716.0,215617.63,14890.87,Operating Fund,2025-06-30
8,Research Administration,20241201,2025,6,Personnel,248124.0,227833.11,13719.23,Operating Fund,2025-06-30
8,Research Administration,20250101,2025,7,Personnel,225308.0,195281.3,5209.27,Operating Fund,2025-06-30
8,Research Administration,20250201,2025,8,Personnel,231012.0,212333.34,7256.94,Operating Fund,2025-06-30
8,Research Administration,20250301,2025,9,Personnel,239568.0,215192.37,16023.43,Operating Fund,2025-06-30
8,Research Administration,20250401,2025,10,Personnel,245272.0,225314.07,8004.04,Operating Fund,2025-06-30
8,Research Administration,20250501,2025,11,Personnel,256680.0,243907.05,16676.71,Operating Fund,2025-06-30
8,Research Administration,20250601,2025,12,Personnel,276644.0,255273.26,10328.98,Operating Fund,2025-06-30
8,Research Administration,20240701,2025,1,Compliance,54464.0,48639.99,2664.92,Operating Fund,2025-06-30
8,Research Administration,20240801,2025,2,Compliance,57408.0,51159.71,2695.86,Operating Fund,2025-06-30
8,Research Administration,20240901,2025,3,Compliance,58880.0,54297.62,4693.33,Operating Fund,2025-06-30
8,Research Administration,20241001,2025,4,Compliance,59616.0,55463.46,4343.65,Operating Fund,2025-06-30
8,Research Administration,20241101,2025,5,Compliance,61088.0,55087.25,3149.98,Operating Fund,2025-06-30
8,Research Administration,20241201,2025,6,Compliance,64032.0,62263.3,2312.03,Operating Fund,2025-06-30
8,Research Administration,20250101,2025,7,Compliance,58144.0,55865.68,2634.68,Operating Fund,2025-06-30
8,Research Administration,20250201,2025,8,Compliance,59616.0,53998.38,5029.7,Operating Fund,2025-06-30
8,Research Administration,20250301,2025,9,Compliance,61824.0,54979.85,2277.92,Operating Fund,2025-06-30
8,Research Administration,20250401,2025,10,Compliance,63296.0,59009.76,3456.69,Operating Fund,2025-06-30
8,Research Administration,20250501,2025,11,Compliance,66240.0,58843.78,4697.88,Operating Fund,2025-06-30
8,Research Administration,20250601,2025,12,Compliance,71392.0,67511.22,6083.17,Operating Fund,2025-06-30
8,Research Administration,20240701,2025,1,Grant Systems,40848.0,40448.38,2053.56,Operating Fund,2025-06-30
8,Research Administration,20240801,2025,2,Grant Systems,43056.0,40335.62,3091.11,Operating Fund,2025-06-30
8,Research Administration,20240901,2025,3,Grant Systems,44160.0,37609.85,1077.1,Operating Fund,2025-06-30
8,Research Administration,20241001,2025,4,Grant Systems,44712.0,44797.43,1790.95,Operating Fund,2025-06-30
8,Research Administration,20241101,2025,5,Grant Systems,45816.0,40807.85,3220.08,Operating Fund,2025-06-30
8,Research Administration,20241201,2025,6,Grant Systems,48024.0,42235.67,3133.31,Operating Fund,2025-06-30
8,Research Administration,20250101,2025,7,Grant Systems,43608.0,39582.75,3066.71,Operating Fund,2025-06-30
8,Research Administration,20250201,2025,8,Grant Systems,44712.0,41686.92,3363.5,Operating Fund,2025-06-30
8,Research Administration,20250301,2025,9,Grant Systems,46368.0,43003.59,3872.49,Operating Fund,2025-06-30
8,Research Administration,20250401,2025,10,Grant Systems,47472.0,43448.64,4010.01,Operating Fund,2025-06-30
8,Research Administration,20250501,2025,11,Grant Systems,49680.0,43216.33,3899.78,Operating Fund,2025-06-30
8,Research Administration,20250601,2025,12,Grant Systems,53544.0,50666.97,4804.29,Operating Fund,2025-06-30
8,Research Administration,20240701,2025,1,Training,34040.0,33589.69,1455.39,Operating Fund,2025-06-30
8,Research Administration,20240801,2025,2,Training,35880.0,32273.29,2894.95,Operating Fund,2025-06-30
8,Research Administration,20240901,2025,3,Training,36800.0,30147.97,1497.0,Operating Fund,2025-06-30
8,Research Administration,20241001,2025,4,Training,37260.0,35775.43,1302.18,Operating Fund,2025-06-30
8,Research Administration,20241101,2025,5,Training,38180.0,35585.75,2347.61,Operating Fund,2025-06-30
8,Research Administration,20241201,2025,6,Training,40020.0,35597.96,1320.24,Operating Fund,2025-06-30
8,Research Administration,20250101,2025,7,Training,36340.0,33070.52,2718.22,Operating Fund,2025-06-30
8,Research Administration,20250201,2025,8,Training,37260.0,34857.27,1735.42,Operating Fund,2025-06-30
8,Research Administration,20250301,2025,9,Training,38640.0,35922.22,1219.83,Operating Fund,2025-06-30
8,Research Administration,20250401,2025,10,Training,39560.0,36283.74,1096.25,Operating Fund,2025-06-30
8,Research Administration,20250501,2025,11,Training,41400.0,38925.38,3149.13,Operating Fund,2025-06-30
8,Research Administration,20250601,2025,12,Training,44620.0,41170.79,1893.09,Operating Fund,2025-06-30
